"org_name","cell_shape","gram_stain","motility","carbon_substrates","DSM.strain.number","doubling_h","d1_lo","d1_up","d2_lo","d2_up","environment","optimum_tmp","optimum_ph","reference","ref_type","tax_id","name_class","metabolism","pathways","isolation_source"
"Methanobacterium aarhusense","Rod","positive","no","H2_CO2","DSM-15219",NA,0.7,0.7,5,18,"Sediment cores collected in Aarhus Bay, a semi-enclosed embayment on the east coast of Jutland, Denmark (56° 09' N, 10° 19' E)",45,7.75,"A.Shlimon et al.,  2004,  Int. J. Syst. Evol. Microbiol.,  vol. 54,  p. 759","full_text",256826,"scientific name","Anaerobic","methanogenesis","sediment cores collected in aarhus bay, a semi-enclosed embayment on the east coast of jutland, denmark (56° 09' n, 10° 19' e)"
"Methanobacterium alcaliphilum","Rod","negative","no","H2_CO2","DSM-3387",10.2,0.5,0.6,2,25,"Sediment samples collected from four Egyptian lakes of the Wadi el Natrun.",37,8.6,"S. Worakit et al.,  1986,  Int. J. Syst. Bacteriol.,  vol. 36,  p. 380","full_text",392018,"scientific name","Anaerobic","methanogenesis","sediment samples collected from four egyptian lakes of the wadi el natrun."
"Methanobacterium arcticum","Rod","negative","no","H2_CO2","DSM-19844",26.6,0.45,0.5,3,6,"Sample isolated from a sample of 2.0 m deep Holocene permafrost sediments, Kolyma lowland, Russia (70°06’N, 154° 04’E).",37,7,"V. Shcherbakova et al.,  2011,  Int. J. Syst. Evol. Microbiol.,  vol. 61,  p. 144","full_text",386456,"scientific name","Anaerobic","methanogenesis","sample isolated from a sample of 2.0 m deep holocene permafrost sediments, kolyma lowland, russia (70°06’n, 154° 04’e)."
"Methanobacterium beijingense","Rod","negative","no","H2_CO2","DSM-15999",14.1,0.4,0.5,3,5,"Sample isolated from an anaerobic digester for the treatment of beer-manufacture wastewater.",37,7.45,"K. Ma et al.,  2005,  Int. J. Syst. Evol. Microbiol.,  vol. 55,  p. 325","full_text",242129,"scientific name","Anaerobic","methanogenesis","sample isolated from an anaerobic digester for the treatment of beer-manufacture wastewater."
"Methanobacterium bryantii","Rod","positive","no","2-propanol, isobutanol, H2_CO2","DSM-863",19.25,0.5,1,10,15,"Native unpolluted groundwater samples from the Floridan Aquifer near West Palm Beach, Florida (USA).",38,7.05,"W. Balch et al.,  1979,  Microbiol. Rev.,  vol. 43,  p. 260","full_text",2161,"scientific name","Anaerobic","methanogenesis","native unpolluted groundwater samples from the floridan aquifer near west palm beach, florida (usa)."
"Methanobacterium congolense","Rod","positive","no","cyclopentanol, H2_CO2","DSM-7095",7.5,0.4,0.5,2,10,"Sample from anaerobic digestor treating raw cassava peel.",39.5,7.2,"N. Cuzin et al.,  2001,  Int. J. Syst. Evol. Microbiol.,  vol. 51,  p. 489","full_text",118062,"scientific name","Anaerobic","methanogenesis","sample from anaerobic digestor treating raw cassava peel."
"Methanobacterium espanolae","Rod","positiv","no","H2_CO2","DSM-5982",9.9,0.8,0.8,6,6,"Sample from the anoxic zone of the primary sludge of the E. B. Eddy Forest Products Ltd. (Espanola, Ontario, Canada) bleach kraft mill.",35,5.9,"G. Patel et al.,  1990,  Int. J. Syst. Bacteriol.,  vol. 40,  p. 12","full_text",83565,"scientific name","Anaerobic","methanogenesis","sample from the anoxic zone of the primary sludge of the e. b. eddy forest products ltd. (espanola, ontario, canada) bleach kraft mill."
"Methanobacterium ferruginis","Rod","variable","no","cyclopentanol, H2_CO2","DSM-21974",18.5,0.3,0.3,2.3,3.7,"Sample from the interior surface of a pipe transporting natural gas- containing brine in the southern Kanto gas field in Japan.",40,6.75,"K. Mori et al.,  2011,  Int. J. Syst. Evol. Microbiol.,  vol. 61,  p. 138","full_text",710191,"scientific name","Anaerobic","methanogenesis","sample from the interior surface of a pipe transporting natural gas- containing brine in the southern kanto gas field in japan."
"Methanobacterium flexile","Cocci","positiv","no","H2_CO2","DSM-25939",21.6,0.3,0.5,2,5,"Sediment samples collected from Gahai lake, Qaidam Basin.",36.5,8,"J. Zhu et al.,  2011,  Int. J. Syst. Evol. Microbiol.,  vol. 61,  p. 2974","full_text",490098,"scientific name","Anaerobic","methanogenesis","sediment samples collected from gahai lake, qaidam basin."
"Methanobacterium formicicum","Rod","positive","nd","2-propanol, isobutanol, H2_CO2","DSM-1535",NA,0.4,0.8,2,15,"Sample obtained from a domestic sewage sludge digestor in Urbana, Ilinois.",41,6.7,"M. Bryant et al.,  1987,  Int. J. Syst. Bacteriol.,  vol. 37,  p. 171","full_text",2162,"scientific name","Anaerobic","methanogenesis","sample obtained from a domestic sewage sludge digestor in urbana, ilinois."
"Methanobacterium ivanovii","Rod","No data","unavailable","H2_CO2","DSM-2611",NA,0.5,0.8,1.2,1.2,"Sample from rock core.",45,7.2,"M. Jain et al.,  1987,  Syst. Appl. Microbiol.,  vol. 9,  p. 77","full_text",2163,"scientific name","Anaerobic","methanogenesis","sample from rock core."
"Methanobacterium kanagiense","Rod","variable","no","H2_CO2","DSM-22026",22.3,0.35,0.5,1.6,5,"Sample from a rice field plot at Kanagi Farm of the Teaching and Research Center for Bio-coexistence, University Farm, Faculty of Agriculture and Life Science, Hirosaki University.",40,8,"K. Kitamuraet al.,  2011,  Int. J. Syst. Evol. Microbiol.,  vol. 61,  p. 1246","full_text",483896,"scientific name","Anaerobic","methanogenesis","sample from a rice field plot at kanagi farm of the teaching and research center for bio-coexistence, university farm, faculty of agriculture and life science, hirosaki university."
"Methanobacterium lacus","Rod","negative","no","propionate, H2_CO2, H2_methanol","DSM-24406",22,0.2,0.4,2,15,"Sample isolated from the profundal sediment of the meromictic Lake Pavin, France.",30,6.5,"G. Borrel et al.,  2012,  Int. J. Syst. Evol. Microbiol.,  vol. 62,  p. 1625","full_text",877455,"scientific name","Anaerobic","methanogenesis","sample isolated from the profundal sediment of the meromictic lake pavin, france."
"Methanobacterium movens","Rod","positiv","yes","H2_CO2","DSM-25945",25.66,0.4,0.5,2,5,"Sediment samples collected from Tuosu lake, Qaidam Basin.",36.5,7.5,"J. Zhu et al.,  2011,  Int. J. Syst. Evol. Microbiol.,  vol. 61,  p. 2974","full_text",493461,"scientific name","Anaerobic","methanogenesis","sediment samples collected from tuosu lake, qaidam basin."
"Methanobacterium movilense","Rod","negative","no","2-butanol, 2-propanol, dimethylamine, dimethyl_sulfide, trimethylamine, H2_CO2","DSM-26032",79.2,0.6,0.7,3.5,4,"Sample of sediment of the subsurface lake from Movile Cave, near the city of Mangalia, Romania.",33,7.4,"J. Schirmack et al., 2014,  Int. J. Syst. Evol. Microbiol.,  vol. 64,  p. 522","full_text",1036678,"scientific name","Anaerobic","methanogenesis","sample of sediment of the subsurface lake from movile cave, near the city of mangalia, romania."
"Methanobacterium oryzae","Rod","No data","no","H2_CO2","DSM-11106",NA,0.3,0.4,3,10,"Sample from a rice field soil in the Philippines (Pila area, Luzon Province).",40,7,"C. Joulian et al.,  2000,  Int. J. Syst. Evol. Microbiol.,  vol. 50,  p. 525","full_text",69540,"scientific name","Anaerobic","methanogenesis","sample from a rice field soil in the philippines (pila area, luzon province)."
"Methanobacterium palustre","Rod","positiv","no","2-propanol, H2_CO2","DSM-3108",18,0.5,0.5,2.5,5,"Sample isolated from marshland of the Sippenauer Moor, Germany (48°53' N 11°57' E).",35,7,"G. Zellner et al.,  1988,  Arch. Microbiol.,  vol. 151,  p. 1","full_text",2171,"scientific name","Anaerobic","methanogenesis","sample isolated from marshland of the sippenauer moor, germany (48°53' n 11°57' e)."
"Methanobacterium petrolearium","Rod","variable","no","H2_CO2","DSM-22353",39.5,0.3,0.3,2.4,4.7,"Sample from sludge deposited in a crude oil storage tank in Japan.",35,6.5,"K. Mori et al.,  2011,  Int. J. Syst. Evol. Microbiol.,  vol. 61,  p. 138","full_text",710190,"scientific name","Anaerobic","methanogenesis","sample from sludge deposited in a crude oil storage tank in japan."
"Methanobacterium subterraneum","Rod","No data","no","H2_CO2","DSM-11074",3.89,0.1,0.15,0.6,1.2,"Sample of granitic rock groundwater from the Äspö hard rock laboratory tunnel, South-Eastern Sweden (depths 68 m, 409 m and 420 m).",30,8.3,"S. Kotelnikova et al.,  1998,  Int. J. Syst. Evol. Microbiol.,  vol. 48,  p. 357","full_text",59277,"scientific name","Anaerobic","methanogenesis","sample of granitic rock groundwater from the äspö hard rock laboratory tunnel, south-eastern sweden (depths 68 m, 409 m and 420 m)."
"Methanobacterium thermaggregans","Rod","negative","no","H2_CO2","DSM-3266",3.5,0.4,0.4,4,8,"Sample of cattle pasture mud.",65,7.25,"K. Blotevogel et al.,  1985,  Arch. Microbiol.,  vol. 142,  p. 218","full_text",83982,"scientific name","Anaerobic","methanogenesis","sample of cattle pasture mud."
"Methanobacterium uliginosum","Rod","No data","unavailable","H2_CO2","DSM-2956",NA,0.2,0.6,2,4,"Sample of a marshy soil.",40,7,"H. Konig,  1987,  Can. J. Microbiol.,  vol. 30,  p. 1477","full_text",83983,"scientific name","Anaerobic","methanogenesis","sample of a marshy soil."
"Methanobacterium veterum","Rod","negative","no","propionate, H2_CO2, H2_methanol","DSM-19849",23.1,0.4,0.45,2,8,"Samples selected from deep (28 m beneath surface) late Pliocene permafrost 26 (Kolyma lowland, 70°06’N, 154° 04’E).",28,7.1,"K. Krivushin et al.,  2010,  Int. J. Syst. Evol. Microbiol.,  vol. 60,  p. 455","full_text",408577,"scientific name","Anaerobic","methanogenesis","samples selected from deep (28 m beneath surface) late pliocene permafrost 26 (kolyma lowland, 70°06’n, 154° 04’e)."
"Methanobrevibacter acididurans","Cocci","positive","no","H2_CO2","DSM-15163",16.5,0.3,0.5,0.3,0.5,"Laboratory anaerobic reactor treating distilary wastewater seeded with sludge from filed digester.",35,6,"D. Savant et al.,  2002,  Int. J. Syst. Evol. Microbiol.,  vol. 52,  p. 1081","full_text",120963,"scientific name","Anaerobic","methanogenesis","laboratory anaerobic reactor treating distilary wastewater seeded with sludge from filed digester."
"Methanobrevibacter arboriphilus","Rod","positive","no","H2_CO2","DSM-1125",13,0.6,0.6,2.7,2.7,"Samples of a wetwood cores from Wisconsin, and western cottonwood trees located on the banks of Cottonwood Creek in Grand Teton National Park in Wyoming.",33.5,7.75,"J. Zeikus et al.,  1975,  Antonie Van Leeuwenhoek,  vol. 41,  p. 543","full_text",39441,"scientific name","Anaerobic","methanogenesis","samples of a wetwood cores from wisconsin, and western cottonwood trees located on the banks of cottonwood creek in grand teton national park in wyoming."
"Methanobrevibacter boviskoreani","Rod","positive","no","H2_CO2","DSM-25824",NA,0.6,0.6,1.5,1.8,"Sample from rumen of the Korean native cattle (HanWoo,  Bos taurus coreanae) in South Korea.",38.5,6.75,"J. Lee et al.,  2013,  Int. J. Syst. Evol. Microbiol.,  vol. 63,  p. 4196","full_text",1348249,"scientific name","Anaerobic","methanogenesis","sample from rumen of the korean native cattle (hanwoo,  bos taurus coreanae) in south korea."
"Methanobrevibacter curvatus","Rod","positive","no","H2_CO2","DSM-11111",40,0.34,0.34,1.6,1.6,"Hindgut contents of the termite Reticulitermes flavipes.",30,7.1,"J. Leadbetter et al.,  1996,  Appl. Environ. Microbiol.,  vol. 62,  p. 3620","full_text",49547,"scientific name","Anaerobic","methanogenesis","hindgut contents of the termite reticulitermes flavipes."
"Methanobrevibacter cuticularis","Rod","positive","no","H2_CO2","DSM-11139",35,0.4,0.4,1.2,1.2,"Hindgut contents of the termite Reticulitermes flavipes (Kollar) (Rhinotermitidae).",37,7.7,"J. Leadbetter et al.,  1996,  Appl. Environ. Microbiol.,  vol. 62,  p. 3620","full_text",47311,"scientific name","Anaerobic","methanogenesis","hindgut contents of the termite reticulitermes flavipes (kollar) (rhinotermitidae)."
"Methanobrevibacter filiformis","Rod","positive","no","H2_CO2","DSM-11501",37,0.23,0.23,4,4,"Hindgut contents of the termite Reticulitermes flavipes.",30,7.1,"J. Leadbetter et al.,  1998,  Arch. Microbiol.,  vol. 169,  p. 287","full_text",55758,"scientific name","Anaerobic","methanogenesis","hindgut contents of the termite reticulitermes flavipes."
"Methanobrevibacter gottschalkii","Coccobacillus","positive","nd","H2_CO2","DSM-11977",NA,0.7,0.7,0.9,0.9,"Sample of horse feaces.",37,7,"T. Miller et al.,  2002,  Int. J. Syst. Evol. Microbiol.,  vol. 52,  p. 819","full_text",190974,"scientific name","Anaerobic","methanogenesis","sample of horse feaces."
"Methanobrevibacter millerae","Coccobacillus","positive","no","H2_CO2","DSM-16643",NA,0.5,0.5,0.5,1.2,"Sample of bowine rumen contents.",39,7.5,"S. Rea et al.,  2007,  Int. J. Syst. Evol. Microbiol.,  vol. 57,  p. 450","full_text",230361,"scientific name","Anaerobic","methanogenesis","sample of bowine rumen contents."
"Methanobrevibacter olleyae","Coccobacillus","positive","no","H2_CO2","DSM-16632",NA,0.3,0.3,0.3,1,"Sample of sheep rumen contents.",35,7.5,"S. Rea et al.,  2007,  Int. J. Syst. Evol. Microbiol.,  vol. 57,  p. 450","full_text",294671,"scientific name","Anaerobic","methanogenesis","sample of sheep rumen contents."
"Methanobrevibacter oralis","Rod","positive","no","H2_CO2","DSM-7256",15,0.4,0.5,0.7,1.2,"Subgingival samples from ten healthy volontiers (Italy).",36,7.15,"A. Ferrari et al.,  1994,  Curr. Microbiol.,  vol. 29,  p. 7","full_text",66851,"scientific name","Anaerobic","methanogenesis","subgingival samples from ten healthy volontiers (italy)."
"Methanobrevibacter ruminantium","Rod","positive","no","H2_CO2","DSM-1093",NA,0.7,0.7,0.8,1.7,"Sample from bovine rumen.",33,6.55,"H. Smith et al.,  1958,  J. Bacteriol.,  vol. 75,  p. 713","full_text",83816,"scientific name","Anaerobic","methanogenesis","sample from bovine rumen."
"Methanobrevibacter smithii","Cocci","positive","no","H2_CO2","DSM-861",NA,0.5,0.7,1,1.5,"Sample of primary sewage digester (USA).",38,7.15,"W. Balch et al.,  1979,  Microbiol. Rev.,  vol. 43,  p. 260","full_text",2173,"scientific name","Anaerobic","methanogenesis","sample of primary sewage digester (usa)."
"Methanobrevibacter thaueri","Coccobacillus","positive","nd","H2_CO2","DSM-11995",NA,0.5,0.5,0.6,1.2,"Sample of cow feaces.",37,7,"T. Miller et al.,  2002,  Int. J. Syst. Evol. Microbiol.,  vol. 52,  p. 819","full_text",190975,"scientific name","Anaerobic","methanogenesis","sample of cow feaces."
"Methanobrevibacter woesei","Coccobacillus","positive","nd","H2_CO2","DSM-11979",NA,0.6,0.6,1,1,"Sample of goose feaces.",37,7,"T. Miller et al.,  2002,  Int. J. Syst. Evol. Microbiol.,  vol. 52,  p. 819","full_text",190976,"scientific name","Anaerobic","methanogenesis","sample of goose feaces."
"Methanobrevibacter wolinii","Coccobacillus","positive","nd","H2_CO2","DSM-11976",NA,0.6,0.6,1,1.4,"Sample of sheep feaces.",37,7,"T. Miller et al.,  2002,  Int. J. Syst. Evol. Microbiol.,  vol. 52,  p. 819","full_text",190977,"scientific name","Anaerobic","methanogenesis","sample of sheep feaces."
"Methanocalculus chunghsingensis","Irregular cocci","negative","variable","H2_CO2","DSM-14539",33,1,1.6,1,1.6,"Samples from an estuary in Eriln Shi, near Wang-gong, Taiwan.",37,7.2,"M. Lai et al.,  2004,  Int. J. Syst. Evol. Microbiol.,  vol. 54,  p. 183","full_text",156457,"scientific name","Anaerobic","methanogenesis","samples from an estuary in eriln shi, near wang-gong, taiwan."
"Methanocalculus halotolerans","Cocci","No data","yes","H2_CO2","DSM-14092",12,1,1,1,1,"Sample collected from the well-head of the Scheibenhardt NDL 103 oilfield in Alsace (France).",38,7.6,"B. Ollivier et al.,  1998,  Int. J. Syst. Bacteriol.,  vol. 48,  p. 823","full_text",71152,"scientific name","Anaerobic","methanogenesis","sample collected from the well-head of the scheibenhardt ndl 103 oilfield in alsace (france)."
"Methanocalculus natronophilus","Irregular cocci","No data","variable","H2_CO2","DSM-25006",NA,0.2,1.2,0.2,1.2,"Samples taken from bottom sediments of Tanatar soda lakes (Altai, Russia) and from the collectors in the vicinity of these lakes.",33.5,9.25,"T. Zhilina et al.,  2014,  Microbiology,  vol. 82,  p. 698","full_text",1262400,"scientific name","Anaerobic","methanogenesis","samples taken from bottom sediments of tanatar soda lakes (altai, russia) and from the collectors in the vicinity of these lakes."
"Methanocalculus pumilus","Irregular cocci","negative","no","H2_CO2","DSM-12632",12,0.8,1,0.8,1,"Leachate samples taken from pipes (25 cm in diameter), used for monitoring sinkage and water quality, at the Osaka North Port Sea-Based Solid-Waste-Disposal Site in Japan.",35,7,"K. Mori et al.,  2000,  Int. J. Syst. Evol. Microbiol.,  vol. 50,  p. 1723","full_text",152007,"scientific name","Anaerobic","methanogenesis","leachate samples taken from pipes (25 cm in diameter), used for monitoring sinkage and water quality, at the osaka north port sea-based solid-waste-disposal site in japan."
"Methanocalculus taiwanensis","Irregular cocci","negative","no","H2_CO2","DSM-14663",7.1,0.9,1.4,0.9,1.4,"Samples from water of an estuary in Eriln Shi near Wong-Kong, Taiwan.",37,6.7,"M. Lai et al.,  2002,  Int. J. Syst. Evol. Microbiol.,  vol. 52,  p. 1799","full_text",106207,"scientific name","Anaerobic","methanogenesis","samples from water of an estuary in eriln shi near wong-kong, taiwan."
"Methanocaldococcus fervens","Irregular cocci","No data","yes","H2_CO2","DSM-4213",0.33,1,2,1,2,"Samples from deep-sea hydrothermal vent core sample from Guaymas Basin, Gulf of California, at a depth of 2003 m.",85,6.5,"C. Jeanthon et al.,  1999,  Int. J. Syst. Bacteriol.,  vol. 49,  p. 583","full_text",83171,"scientific name","Anaerobic","methanogenesis","samples from deep-sea hydrothermal vent core sample from guaymas basin, gulf of california, at a depth of 2003 m."
"Methanocaldococcus indicus","Cocci","negative","yes","2-butanol, H2_CO2","DSM-15027",0.5,1,3,1,3,"Chimney sample collected in April 2001 at the Kairei vent field on the Central Indian Ridge (25°19' S, 70°02' E) at a depth of 2420 m.",85,6.5,"S. L Haridon et al.,  2003,  Int. J. Syst. Evol. Microbiol.,  vol. 53,  p.1931","full_text",213231,"scientific name","Anaerobic","methanogenesis","chimney sample collected in april 2001 at the kairei vent field on the central indian ridge (25°19' s, 70°02' e) at a depth of 2420 m."
"Methanocaldococcus infernus","Cocci","No data","yes","H2_CO2","DSM-11812",0.513,1,3,1,3,"Chimney sample collected from the Logatchev hydrothermal field (14° 45' N, 44° 59' W) on the Mid-Atlantic Ridge at a depth of 3000 m.",85,6.5,"C. Jeanthon et al.,  1998,  Int. J. Syst. Bacteriol.,  vol. 48,  p. 913","full_text",67760,"scientific name","Anaerobic","methanogenesis","chimney sample collected from the logatchev hydrothermal field (14° 45' n, 44° 59' w) on the mid-atlantic ridge at a depth of 3000 m."
"Methanocaldococcus jannaschii","Irregular cocci","No data","yes","H2_CO2","DSM-2661",0.433,1.5,1.5,1.5,1.5,"Hydrothermal vent effluent waters and sedimentary material adjacent to vents were collected in April and May, 1982 from the East Pacific Rise at 20° 50' N latitude and 109° 06' W longitude at a depth of 2600 m.",85,6,"W. Jones, et al.,  1983,  Arch. Microbiol.,  vol. 136,  p. 254","full_text",2190,"scientific name","Anaerobic","methanogenesis","hydrothermal vent effluent waters and sedimentary material adjacent to vents were collected in april and may, 1982 from the east pacific rise at 20° 50' n latitude and 109° 06' w longitude at a depth of 2600 m."
"Methanocaldococcus villosus","Irregular cocci","negative","yes","H2_CO2","DSM-22612",0.75,1,2,1,2,"Samples from the Kolbeinsey Ridge (Fricke et al., 1989), north of Iceland (67° 05' N,  18° 42' W), by the research submersible Jago at a depth of 105 m.",80,6.5,"A. Bellack et al.,  2011,  Int. J. Syst. Evol. Microbiol.,  vol. 61,  p.1239","full_text",667126,"scientific name","Anaerobic","methanogenesis","samples from the kolbeinsey ridge (fricke et al., 1989), north of iceland (67° 05' n,  18° 42' w), by the research submersible jago at a depth of 105 m."
"Methanocaldococcus vulcanius","Cocci","No data","yes","H2_CO2","DSM-12094",0.66,1,3,1,3,"Samples from chimney from the hydrothermal field (12°48' N, 103°56' W), on the East Pacific Rise at a depth of 2600 m.",80,6.5,"C. Jeanthon et al.,  1999,  Int. J. Syst. Bacteriol.,  vol. 49,  p. 583","full_text",73913,"scientific name","Anaerobic","methanogenesis","samples from chimney from the hydrothermal field (12°48' n, 103°56' w), on the east pacific rise at a depth of 2600 m."
"Methanocella arvoryzae","Rod","No data","no","H2_CO2","DSM-22066",8,0.4,0.7,1.3,2.8,"Sample from a rice field soil in Italy.",45,7,"S. Sakai et al.,  2010,  Int. J. Syst. Evol. Microbiol.,  vol. 60,  p. 2918","full_text",1175445,"scientific name","Anaerobic","methanogenesis","sample from a rice field soil in italy."
"Methanocella conradii","Rod","No data","no","H2_CO2","DSM-24694",6.3,0.2,0.3,1.4,2.8,"Chinese rice field soil.",52.5,6.8,"Z. Lu et al.,  2012,  J. Bacteriol.,  vol. 194,  p. 2398","full_text",1175444,"scientific name","Anaerobic","methanogenesis","chinese rice field soil."
"Methanocella paludicola","Rod","negative","no","H2_CO2","DSM-17711",100.8,0.3,0.6,1.8,2.4,"Sample isolated from a rice paddy soil at Nagaoka, Niigata, Japan.",36,7,"S. Sakai et al.,  2008,  Int. J. Syst. Evol. Microbiol.,  vol. 58,  p. 929","full_text",570267,"scientific name","Anaerobic","methanogenesis","sample isolated from a rice paddy soil at nagaoka, niigata, japan."
"Methanococcoides alaskense","Irregular cocci","negative","no","trimethylamine","DSM-17273",NA,1.5,1.5,2,2,"Sample from permanently cold, anoxic marine sediments at Skan Bay, Alaska.",23.6,6.9,"N. Singh et al.,  2005,  Int. J. Syst. Evol. Microbiol.,  vol. 55,  p.2531","full_text",325778,"scientific name","Anaerobic","methanogenesis","sample from permanently cold, anoxic marine sediments at skan bay, alaska."
"Methanococcoides burtonii","Irregular cocci","No data","unavailable","methanol","DSM-6242",NA,NA,NA,NA,NA,"Sample from the anoxic hypolimnion of Ace Lake, Antarctica.",23.4,NA,"P. Franzmann et al.,  1992,  Syst. Appl. Microbiol.,  vol. 15,  p. 573","full_text",29291,"scientific name","Anaerobic","methanogenesis","sample from the anoxic hypolimnion of ace lake, antarctica."
"Methanococcoides methylutens","Irregular cocci","negative","no","dimethylamine, methanol, methylamine, trimethylamine","DSM-2657",5.2,1,1,3,3,"Sediment (0 to 60 cm) obtained by a diver assisted with SCUBA at a depth of 65 feet (ca. 19.8 m) from the Sumner branch of Scripps Canyon located near La Jolla, California.",32.5,7.25,"K. Sowers et al.,  1983,  Appl. Environ. Microbiol.,  vol. 45,  p. 684","full_text",2226,"scientific name","Anaerobic","methanogenesis","sediment (0 to 60 cm) obtained by a diver assisted with scuba at a depth of 65 feet (ca. 19.8 m) from the sumner branch of scripps canyon located near la jolla, california."
"Methanococcoides vulcani","Irregular cocci","negative","no","dimethylamine, methanol, methylamine, trimethylamine","DSM-26966",NA,NA,NA,NA,NA,"Samples from deep sediment covered by an orange microbial mat collected from the Napoli Mud Volcano.",30,7,"S. L'Haridon et al.","full_text",1353158,"scientific name","Anaerobic","methanogenesis","samples from deep sediment covered by an orange microbial mat collected from the napoli mud volcano."
"Methanococcus aeolicus","Irregular cocci","No data","yes","H2_CO2","DSM-17508",1.38,1.5,2,1.5,2,"Sample of sediment taken from the Nankai Trough near the coast of Japan.",46,7,"M. Kendall et al.,  2006,  Int. J. Syst. Evol. Microbiol.,  vol. 57,  p. 1525","full_text",42879,"scientific name","Anaerobic","methanogenesis","sample of sediment taken from the nankai trough near the coast of japan."
"Methanococcus maripaludis","Irregular cocci","negative","yes","H2_CO2","DSM-2067",2,1.5,1.5,1.5,1.5,"Grab samples of sediment (top 10 cm) from the tall Spartina alterniflora region of Pawley's Island salt marsh, South Carolina.",38,6,"W. Jones et al.,  1983,  Arch. Microbiol.,  vol. 135,  p. 91","full_text",39152,"scientific name","Anaerobic","methanogenesis","grab samples of sediment (top 10 cm) from the tall spartina alterniflora region of pawley's island salt marsh, south carolina."
"Methanococcus vannielii","Irregular cocci","No data","no data","H2_CO2","DSM-1224",NA,1,1,1,1,"Sample of a black mud from the east shore of San Francisco Bay.",30,8,"T. Stadtman et al.,  1951,  J. Bacteriol.,  vol. 62,  p. 269","full_text",2187,"scientific name","Anaerobic","methanogenesis","sample of a black mud from the east shore of san francisco bay."
"Methanococcus voltae","Irregular cocci","unknown (cell lysis)","yes","H2_CO2","DSM-1537",3,0.5,3,0.5,3,"A sediment sample obtained near the mouth of the Waccasassa estuary in western Florida.",38,7.2,"W. Belch et al.,  1989,  Int. J. Syst. Bacteriol.,  vol. 39,  p. 493","full_text",2188,"scientific name","Anaerobic","methanogenesis","a sediment sample obtained near the mouth of the waccasassa estuary in western florida."
"Methanocorpusculum aggregans","Irregular cocci","negative","no","H2_CO2","DSM-3027",8,0.5,2,0.5,2,"Sample from a sewage sludge digestor at Bourg en Bresse, France.",35,6.75,"B. Ollivier et al.,  1985,  Int. J. Syst. Bacteriol.,  vol. 35,  p. 127","full_text",176294,"scientific name","Anaerobic","methanogenesis","sample from a sewage sludge digestor at bourg en bresse, france."
"Methanocorpusculum bavaricum","Irregular cocci","negative","yes","2-butanol, 2-propanol, butanol, H2_CO2","DSM-4179",5,1,1,1,1,"Sample of anaerobic sediment of a wastewater treatment pond of the sugar factory in Regensburg (FRG).",37,7,"G. Zellner et al.,  1989,  Arch. Microbiol.,  vol. 151,  p. 381","full_text",71518,"scientific name","Anaerobic","methanogenesis","sample of anaerobic sediment of a wastewater treatment pond of the sugar factory in regensburg (frg)."
"Methanocorpusculum labreanum","Irregular cocci","negative","no","H2_CO2","DSM-4855",9.2,0.4,2,0.4,2,"Sample collected from an active, gas-producing area of Tar Pit Lake at the LaBrea Tar Pits in Los Angeles, California.",37,7,"Y. Zhao et al.,  1989,  Int. J. Syst. Evol. Microbiol.,  vol. 39,  p. 10","full_text",83984,"scientific name","Anaerobic","methanogenesis","sample collected from an active, gas-producing area of tar pit lake at the labrea tar pits in los angeles, california."
"Methanocorpusculum parvum","Irregular cocci","negative","yes","2-propanol, H2_CO2","DSM-3823",8,1,1,1,1,"Sample from an anaerobic sour whey digester, originally inoculated with sewage sludge.",37,7.15,"G. Zellner et al.,  1987,  Arch. Microbiol.,  vol. 147,  p. 13","full_text",2193,"scientific name","Anaerobic","methanogenesis","sample from an anaerobic sour whey digester, originally inoculated with sewage sludge."
"Methanocorpusculum sinense","Irregular cocci","negative","yes","H2_CO2","DSM-4274",20,1,1,1,1,"Sample of the effluent of a fixed-bed pilot fermentation plant for anaerobic treatment of distillery wastes, operated at the Biogas Research and Training Centre of Asia and the Pacific in Chengdu, Sichuan, China.",30,7,"G. Zellner et al.,  1989,  Arch. Microbiol.,  vol. 151,  p. 381","full_text",83985,"scientific name","Anaerobic","methanogenesis","sample of the effluent of a fixed-bed pilot fermentation plant for anaerobic treatment of distillery wastes, operated at the biogas research and training centre of asia and the pacific in chengdu, sichuan, china."
"Methanoculleus bourgensis","Irregular cocci","negative","no","H2_CO2","DSM-3045",18,1,2,1,2,"Samples from a digestor fermenting tannery by-products which was originally inoculated with digested sewage sludge from Bourg, or Bourg-en- Bresse, France.",37,6.7,"B. Ollivier et al.,  1986,  Int. J. Syst. Bacteriol.,  vol. 36,  p. 297","full_text",83986,"scientific name","Anaerobic","methanogenesis","samples from a digestor fermenting tannery by-products which was originally inoculated with digested sewage sludge from bourg, or bourg-en- bresse, france."
"Methanoculleus chikugoensis","Irregular cocci","negative","no","2-butanol, 2-propanol, butanol, cyclopentanol, H2_CO2","DSM-13459",46,1,2,1,2,"Paddy field plot (Gray Lowland Soil) with long- term application of rice straw compost at the Kyushu National Agricultural Experiment Station, Chikugo, Fukuoka, Japan.",25,6.95,"D. Dianou et al.,  2001,  Int. J. Syst. Evol. Microbiol.,  vol. 51,  p. 1663","full_text",118126,"scientific name","Anaerobic","methanogenesis","paddy field plot (gray lowland soil) with long- term application of rice straw compost at the kyushu national agricultural experiment station, chikugo, fukuoka, japan."
"Methanoculleus horonobensis","Irregular cocci","negative","no","H2_CO2","DSM 21626",6.93,0.7,1.6,0.7,1.6,"The groundwater sample collected from the Wakkanai formation, a Miocene diatomaceous shale in northernmost Japan.",39.5,6.75,"S. Shimizu et al.,  2013,  Int. J. Syst. Evol. Microbiol.,  vol. 63,  p. 4320","full_text",528314,"scientific name","Anaerobic","methanogenesis","the groundwater sample collected from the wakkanai formation, a miocene diatomaceous shale in northernmost japan."
"Methanoculleus hydrogenitrophicus","Irregular cocci","negative","no","H2_CO2","DSM-25996",22.355,0.8,2,0.8,2,"Sample from the Zoige wetland, China.",37,6.6,"J. Tian et al.,  Int. J. Syst. Evol. Microbiol.,  vol. 60,  p. 2165","full_text",648796,"scientific name","Anaerobic","methanogenesis","sample from the zoige wetland, china."
"Methanoculleus marisnigri","Irregular cocci","negative","no","H2_CO2","DSM-1498",10,1.3,1.3,1.3,1.3,"Sediment collected at station 1355 on R. V, Chain cruise 120/1 in the Black Sea.",22.5,6.4,"J. Romesser et al.,  1979,  Arch. Microbiol.,  vol. 121,  p. 147","full_text",2198,"scientific name","Anaerobic","methanogenesis","sediment collected at station 1355 on r. v, chain cruise 120/1 in the black sea."
"Methanoculleus palmolei","Cocci","negative","no","2-butanol, 2-propanol, butanol, cyclopentanol, H2_CO2","DSM-4273",13.5,1.25,2,1.25,2,"Sample from a biogas reactor of a palm oil plant on North-Sumatra (Indonesia), which was operated at 55 °C.",40,7.2,"G. Zellner et al.,  1998,  Int. J. Syst. Bacteriol.,  vol. 48,  p. 1111","full_text",72612,"scientific name","Anaerobic","methanogenesis","sample from a biogas reactor of a palm oil plant on north-sumatra (indonesia), which was operated at 55 °c."
"Methanoculleus receptaculi","Cocci","No data","no","H2_CO2","DSM-18860",8.25,0.8,1.7,0.8,1.7,"Sample of oil production water from Block L801 of Shengli oil field in China.",52.5,7.65,"L. Cheng et al.,  2008,  FEMS Microbiol. Lett.,  vol. 285,  p. 65","full_text",394967,"scientific name","Anaerobic","methanogenesis","sample of oil production water from block l801 of shengli oil field in china."
"Methanoculleus sediminis","Irregular cocci","no data","0","1-butanol, H2_CO2","DSM-29354",0,0.5,1,0.5,1,"It was isolated from sediments collected by Ocean Researcher I cruise ORI-934 in 2010 near the submarine mud volcano MV4 located at the upper slope of south-west Taiwan.",37,7.1,"Sheng-Chung Chen et al.,  2015,  Int. J. Syst. Evol. Microbiol.,  vol. 65,  p. 2141–2147","full_text",1550566,"scientific name","Anaerobic","methanogenesis","it was isolated from sediments collected by ocean researcher i cruise ori-934 in 2010 near the submarine mud volcano mv4 located at the upper slope of south-west taiwan."
"Methanoculleus submarinus","Irregular cocci","negative","0","H2_CO2","DSM-15122",6.93,0.8,2,0.8,2,"Sample from a core (BH-1) from a depth of 247 m below the sediment surface, Nankai Trough (water depth 950 m).",40,6.4,"J. Mikucki et al.,  2003,  Appl. Environ. Microbiol.,  vol. 69,  p. 3311","full_text",204050,"scientific name","Anaerobic","methanogenesis","sample from a core (bh-1) from a depth of 247 m below the sediment surface, nankai trough (water depth 950 m)."
"Methanoculleus thermophilus","Irregular cocci","negative","no","H2_CO2","DSM-2373",2.5,1,1.3,1,1.3,"Sediment underlying the high-temperature effluent channel of the Crystal River Nuclear Power Plant, Florida Power Company, Crystal River, Florida.",55,7,"C. Rivard et al.,  1982,  Int. J. Syst. Bacteriol.,  vol. 32,  p. 430","full_text",2200,"scientific name","Anaerobic","methanogenesis","sediment underlying the high-temperature effluent channel of the crystal river nuclear power plant, florida power company, crystal river, florida."
"Methanofollis aquaemaris","Irregular cocci","negative","no","H2_CO2","DSM-14661",13,1.2,2,1.2,2,"Water sample from marine aquaculture fish pond near Wong-gong, Taiwan.",37,6.05,"M. Lai et al.,  2001,  Int. J. Syst. Evol. Microbiol.,  vol. 51,  p. 1873","full_text",126734,"scientific name","Anaerobic","methanogenesis","water sample from marine aquaculture fish pond near wong-gong, taiwan."
"Methanofollis ethanolicus","Irregular cocci","negative","no","1-butanol, ethanol, propanol, H2_CO2","DSM-21041",72,2,3,2,3,"Sample from lotus field mud at Nagaoka, Niigata, Japan.",37,7,"H. Imachi et al.,  2009,  Int. J. Syst. Evol. Microbiol.,  vol. 59,  p. 800","full_text",488124,"scientific name","Anaerobic","methanogenesis","sample from lotus field mud at nagaoka, niigata, japan."
"Methanofollis formosanus","Irregular cocci","negative","no","H2_CO2","DSM-15483",20,1.5,2,1.5,2,"Sample from a marine water aquaculture fish pond near Wang-gong, Taiwan.",37,6.6,"S. Wu et al.,  2005,  Int. J. Syst. Evol. Microbiol.,  vol. 55,  p. 837","full_text",299308,"scientific name","Anaerobic","methanogenesis","sample from a marine water aquaculture fish pond near wang-gong, taiwan."
"Methanofollis liminatans","Irregular cocci","No data","yes","2-butanol, 2-propanol, butanol, cyclopentanol, H2_CO2","DSM-4140",8.5,1.5,1.5,1.5,1.5,"Sample of anaerobically treated waste water, obtained from a Biohochreaktor of Hoechst company (Kelsterbach, Frankfurt/ Main, FRG).",40,7,"G. Zellner et al.,  1990,  Arch. Microbiol.,  vol. 153,  p. 287","full_text",2201,"scientific name","Anaerobic","methanogenesis","sample of anaerobically treated waste water, obtained from a biohochreaktor of hoechst company (kelsterbach, frankfurt/ main, frg)."
"Methanofollis tationis","Irregular cocci","negative","nd","H2_CO2","DSM-2702",12,3,3,3,3,"Mud samples from a small (Atacama desert in Northern Chile close to the oasis of San Petro di Atacama on Mount Tatio at an altitude of 4750 m).",38.5,7,"H. Zabel et al.,  1984,  Arch. Microbiol.,  vol. 37,  p. 308","full_text",81417,"scientific name","Anaerobic","methanogenesis","mud samples from a small (atacama desert in northern chile close to the oasis of san petro di atacama on mount tatio at an altitude of 4750 m)."
"Methanogenium boonei","Irregular cocci","negative","no","H2_CO2","DSM-17338",NA,1,2.5,1,2.5,"Sample of sediments of Skan Bay (depth 65 m), Alaska (53°N, 167°W).",19.4,NA,"M. Kendall et al.,  2007,  Appl. Environ. Microbiol.,  vol. 73,  p. 407","full_text",348609,"scientific name","Anaerobic","methanogenesis","sample of sediments of skan bay (depth 65 m), alaska (53°n, 167°w)."
"Methanogenium cariaci","Irregular cocci","negative","no","H2_CO2","DSM-1497",11,2.6,2.6,2.6,2.6,"Sediment collected at station 2030 on R. V. Atlantis II cruise 79 in the Cariaco Trench.",22.5,7,"J. Romesser et al.,  1979,  Arch. Microbiol.,  vol. 121,  p. 147","full_text",2197,"scientific name","Anaerobic","methanogenesis","sediment collected at station 2030 on r. v. atlantis ii cruise 79 in the cariaco trench."
"Methanogenium frigidum","Irregular cocci","negative","no","H2_CO2","DSM-16458",70,1.2,2.5,1.2,2.5,"Sample of sediment from Ace Lake (68°24' S, 78°11' E)  in the Vestfold Hills of Antarctica.",15,7.7,"P. Franzmann et al.,  1997,  Int. J. Syst. Bacteriol.,  vol. 47,  p. 1068","full_text",62970,"scientific name","Anaerobic","methanogenesis","sample of sediment from ace lake (68°24' s, 78°11' e)  in the vestfold hills of antarctica."
"Methanogenium marinum","Irregular cocci","negative","no","H2_CO2","DSM-15558",33,1,1.2,1,1.2,"Sample of sediments of Skan Bay, Alaska (53°N, 167°W).",25,6.3,"S. Chong et al.,  2002,  Antonie Van Leeuwenhoek,  vol. 81,  p. 263","full_text",348610,"scientific name","Anaerobic","methanogenesis","sample of sediments of skan bay, alaska (53°n, 167°w)."
"Methanogenium organophilum","Irregular cocci","No data","no","2-butanol, 2-propanol, butanol, ethanol, H2_CO2","DSM-3596",6,0.5,1.5,0.5,1.5,"Sediment sample from a deep sea hydrothermal area (-2003 Im) at Guaymas Basin (Baja California).",32.5,6.85,"F. Widdel et al.,  1988,  Arch. Microbiol.,  vol. 150,  p. 477","full_text",2199,"scientific name","Anaerobic","methanogenesis","sediment sample from a deep sea hydrothermal area (-2003 im) at guaymas basin (baja california)."
"Methanohalobium evestigatum","Cocci","No data","unavailable",NA,"DSM-3721",NA,NA,NA,NA,NA,"Sample of sediments of saline lagoons in Sivash.",0,NA,"T. Zhilina et al.,  1987,  Dokl. Akad. Nauk SSSR,  vol. 293,  p. 464","full_text",2322,"scientific name","Anaerobic","methanogenesis","sample of sediments of saline lagoons in sivash."
"Methanohalophilus euhalobius","Irregular cocci","negative","no data","dimethylamine, methanol, methylamine, trimethylamine","DSM-10369",NA,1,1,2.5,2.5,"Mineralized stratal waters of oil deposits (Tataria, Russia).",32.5,7.05,"I. Davidova et al.,  1987,  Antonie Van Leeuwenhoek,  vol. 71,  p. 313","full_text",51203,"scientific name","Anaerobic","methanogenesis","mineralized stratal waters of oil deposits (tataria, russia)."
"Methanohalophilus halophilus","Irregular cocci","No data","unavailable","dimethylamine, methylamine, trimethylamine","DSM-3094",NA,0.2,0.5,2,2,"Sample from marine cyanobacterial mat.",31,6.95,"T. Zhilina et al.,  1984,  Mikrobiologiya,  vol. 52,  p. 375","full_text",2177,"scientific name","Anaerobic","methanogenesis","sample from marine cyanobacterial mat."
"Methanohalophilus levihalophilus","Irregular cocci","negative","no","dimethylamine","DSM 28452",18,0.7,1,0.7,1,"Sample from natural gas-bearing confined aquifers recharged by paleo-seawater in the Minami-Kanto gas field, Japan.",35,7.25,"T. Katayama et al.,  2014,  Int. J. Syst. Evol. Microbiol.,  in press","full_text",1431282,"scientific name","Anaerobic","methanogenesis","sample from natural gas-bearing confined aquifers recharged by paleo-seawater in the minami-kanto gas field, japan."
"Methanohalophilus mahii","Irregular cocci","negative","no","dimethylamine, methanol, methylamine, trimethylamine","DSM-5219",NA,0.8,0.8,1.8,1.8,"Sample from the sediments of Great Salt Lake in Utah (thermal lake).",36,7.5,"J. Paterek et al.,  1988,  Int. J. Syst. Bacteriol.,  vol. 38,  p. 122","full_text",2176,"scientific name","Anaerobic","methanogenesis","sample from the sediments of great salt lake in utah (thermal lake)."
"Methanohalophilus portucalensis","Irregular cocci","negative","no","dimethylamine, methanol, methylamine, trimethylamine","DSM-7471",5,0.6,0.6,2,2,"Sample of sediments from a salinarium in Figiera da Foz, Portugal.",40,7,"D. Boone et al.,  1993,  Int. J. Syst. Bacteriol.,  vol. 43,  p. 430","full_text",39664,"scientific name","Anaerobic","methanogenesis","sample of sediments from a salinarium in figiera da foz, portugal."
"Methanolacinia paynteri","Rod","negative","no","H2_CO2","DSM-2545",4.8,0.6,0.6,1.5,2.5,"Sediments cores taken along the edges of the mosquito control canals within mangrove swamps located southeast of Georgetown, Grand Cayman, British West Indies.",40,7,"C. Rivard et al.,  1983,  Appl. Environ. Microbiol.,  vol. 46,  p. 484","full_text",230356,"scientific name","Anaerobic","methanogenesis","sediments cores taken along the edges of the mosquito control canals within mangrove swamps located southeast of georgetown, grand cayman, british west indies."
"Methanolinea mesophila","Rod","No data","no","H2_CO2","DSM-23604",29,0.3,0.3,2,6.5,"Sample from rice field soil in Tainan, Taiwan.",37,7,"S. Sakai et al.,  2012,  Int. J. Syst. Evol. Microbiol.,  vol. 62,  p. 1389","full_text",547055,"scientific name","Anaerobic","methanogenesis","sample from rice field soil in tainan, taiwan."
"Methanolinea tarda","Rod","negative","no","H2_CO2","DSM-16494",98,0.7,1,2,2,"Sample from a mesophilic, methanogenic sludge digesting sewage sludge.",50,7,"H. Imachi et al.,  2008,  Int. J. Syst. Evol. Microbiol.,  vol. 58,  p. 294","full_text",263906,"scientific name","Anaerobic","methanogenesis","sample from a mesophilic, methanogenic sludge digesting sewage sludge."
"Methanolobus bombayensis","Irregular cocci","negative","no","dimethylamine, dimethyl_sulfide, methanol, methylamine, trimethylamine","DSM-7082",4.5,1,1,1.5,1.5,"Sample isolated from Arabian Sea sediments obtained near Bombay, India.",37,7.2,"P. Kadam et al.,  1994,  Int. J. Syst. Bacteriol.,  vol. 44,  p. 603","full_text",38023,"scientific name","Anaerobic","methanogenesis","sample isolated from arabian sea sediments obtained near bombay, india."
"Methanolobus oregonensis","Irregular cocci","positive","no","dimethyl_sulfide, methanol, trimethylamine","DSM-5435",6.9,1,1,1.5,1.5,"Sample from a slurry of subsurface solids from a saline, alkaline aquifer (West Alkali Lake, south central Oregon).",36,8.7,"Y. Liu et al.,  1990,  Int. J. Syst. Bacteriol.,  vol. 40,  p. 111","full_text",38024,"scientific name","Anaerobic","methanogenesis","sample from a slurry of subsurface solids from a saline, alkaline aquifer (west alkali lake, south central oregon)."
"Methanolobus profundi","Irregular cocci","negative","yes","2-butanol, dimethylamine, methanol, methylamine, trimethylamine","DSM-21213",5,0.9,0.9,1.2,1.2,"Sample from deep subsurface sediments from a natural gas field filled with ancient seawater (Mobara, Japan).",30,6.55,"H. Mochimaru et al.,  2009,  Int. J. Syst. Evol. Microbiol.,  vol. 59,  p. 714","full_text",487685,"scientific name","Anaerobic","methanogenesis","sample from deep subsurface sediments from a natural gas field filled with ancient seawater (mobara, japan)."
"Methanolobus psychrophilus","Cocci","No data","nd","dimethylamine, dimethyl_sulfide, methanol, methylamine, trimethylamine","no data",15.873,0.9,1,1,1.2,"no data",18,7.1,"G. Zhang et al.,  2008,  Appl. Environ. Microbiol.,  vol. 74,  p. 6114","full_text",420950,"scientific name","Anaerobic","methanogenesis","no data"
"Methanolobus taylorii","Cocci","negative","no","dimethylamine, dimethyl_sulfide, methanol, methylamine, trimethylamine","DSM-9005",6,0.5,0.5,0.5,0.5,"Smple of estuarine sediments from San Francisco Bay.",33,7.85,"R. Oremland et al.,  1989,  Appl. Environ. Microbiol.,  vol. 55,  p. 994","full_text",38025,"scientific name","Anaerobic","methanogenesis","smple of estuarine sediments from san francisco bay."
"Methanolobus tindarius","Cocci","No data","unavailable","2-butanol, dimethylamine, dimethyl_sulfide, methanol, methylamine, trimethylamine","DSM-2278",NA,0.8,0.8,1.25,1.25,"A marine, mesophilic.",28,6.5,"H. Konig et al.,  1982,  Zentralbl. Bakteriol. Mikrobiol. Hyg. [B],  vol. 3,  p. 478","full_text",2221,"scientific name","Anaerobic","methanogenesis","a marine, mesophilic."
"Methanolobus vulcani","Irregular cocci","negative","no","dimethylamine, methanol, methylamine, trimethylamine","DSM-3029",5.33,1,1.25,1,1.25,"Sample of sea sediments near Vulcano Island, Italy.",40,7.2,"P. Kadam et al.,  1995,  Int. J. Syst. Bacteriol.,  vol. 45,  p. 400","full_text",38026,"scientific name","Anaerobic","methanogenesis","sample of sea sediments near vulcano island, italy."
"Methanolobus zinderi","Irregular cocci","negative","no","2-butanol, dimethylamine, methanol, methylamine, trimethylamine","DSM-21339",9.9,1,2,1,2,"Water sample from coal seam near Monroe, Los Angeles, USA.",45,7.5,"S. Doerfert et al.,  2009,  Int. J. Syst. Evol. Microbiol.,  vol. 59,  p. 1064","full_text",536044,"scientific name","Anaerobic","methanogenesis","water sample from coal seam near monroe, los angeles, usa."
"Methanomassiliicoccus luminyensis","Cocci","positive","no","methanol","DSM-25720",NA,0.85,0.85,0.85,0.85,"Sample of human faeces collected in Marseille, France.",37,7.6,"B. Dridi et al.,  2012,  Int. J. Syst. Evol. Microbiol.,  vol. 62,  p. 1902","full_text",1080712,"scientific name","Anaerobic","methanogenesis","sample of human faeces collected in marseille, france."
"Methanomethylovorans hollandica","Irregular cocci","negative","no","2-butanol, dimethylamine, dimethyl_sulfide, methanol, methylamine, trimethylamine","DSM-15978",11.5,1,1.5,1,1.5,"Sample of eutrophic pond sediment (Campus of Dek- kerswald Institute, Nijmegen, The Netherlands).",35.5,6.75,"B. Lomans et al.,  1999,  Appl. Environ. Microbiol.,  vol. 65,  p. 3641","full_text",101192,"scientific name","Anaerobic","methanogenesis","sample of eutrophic pond sediment (campus of dek- kerswald institute, nijmegen, the netherlands)."
"Methanomethylovorans thermophila","Irregular cocci","negative","no","dimethylamine, methanol, methylamine, trimethylamine","DSM-17232",13.86,0.7,1.5,0.7,1.5,"Sample of a sludge from thermophilic laboratory-scale upflow anaerobic sludge blanket reactor fed with methanol.",50,6.6,"B. Jiang et al.,  2005,  Int. J. Syst. Evol. Microbiol.,  vol. 55,  p. 2465","full_text",286152,"scientific name","Anaerobic","methanogenesis","sample of a sludge from thermophilic laboratory-scale upflow anaerobic sludge blanket reactor fed with methanol."
"Methanomethylovorans uponensis","Irregular cocci","negative","no","dimethylamine, dimethyl_sulfide, methanol, methylamine, trimethylamine","DSM-27305",11.5,0.9,1.1,0.9,1.1,"Sample of sediments from Upo wetland sediment in the Republic of Korea.",37,6.25,"I. Cha et al.,  2013, Antonie Van Leeuwenhoek,  vol. 104,  p. 1005","full_text",1341726,"scientific name","Anaerobic","methanogenesis","sample of sediments from upo wetland sediment in the republic of korea."
"Methanomicrobium mobile","Rod","negative","yes","H2_CO2","DSM-1539",NA,0.7,0.7,1.5,2,"Sample of bovine rumen fluid.",40,6.5,"M. Paynter et al.,  1968,  J. Bacteriol.,  vol. 95,  p. 1943","full_text",2205,"scientific name","Anaerobic","methanogenesis","sample of bovine rumen fluid."
"Methanomicrococcus blatticola","Irregular cocci","unknown (cell lysis)","0","dimethylamine, methylamine, propionate, trimethylamine, H2_methanol","DSM-13328",3.15,0.8,0.8,0.8,0.8,"Sample isolated from Periplaneta americana var. Amsterdam, which was caught in Artis Zoo (Amsterdam, The Netherlands).",39,7.45,"W. Sprenger et al.,  2000,  Int. J. Syst. Evol. Microbiol.,  vol. 50,  p. 1989","full_text",91560,"synonym","Anaerobic","methanogenesis","sample isolated from periplaneta americana var. amsterdam, which was caught in artis zoo (amsterdam, the netherlands)."
"Methanoplanus endosymbiosus","Irregular disc","negative","no","2-butanol, H2_CO2","DSM-3599",5,0.5,0.8,1.6,3.4,"Endosymbionts in the marine ciliate Metopus contortus Quennerstedt.",32,7,"J. van Bruggen et al.,  1986,  Arch. Microbiol.,  vol. 144,  p. 367","full_text",33865,"scientific name","Anaerobic","methanogenesis","endosymbionts in the marine ciliate metopus contortus quennerstedt."
"Methanoplanus limicola","Irregular disc","negative","yes","H2_CO2","DSM-2279",7,0.1,0.3,1.6,2.8,"Sample of swamp drilling waste in Italy.",40,NA,"G. Wildgruber et al.,  1982,  Arch. Microbiol.,  vol. 132,  p. 31","full_text",2315,"scientific name","Anaerobic","methanogenesis","sample of swamp drilling waste in italy."
"Methanoplanus petrolearius","Irregular disc","No data","variable","2-propanol","DSM-11571",10,1,3,1,3,"Sample collected from the well-head of an offshore oil field of the Gult of Guinea, West Africa.",37.5,7,"B. Ollivier et al.,  1997,  FEMS Microbiol. Lett.,  vol. 147,  p. 51","full_text",54120,"synonym","Anaerobic","methanogenesis","sample collected from the well-head of an offshore oil field of the gult of guinea, west africa."
"Methanopyrus kandleri","Rod","positive","0","2-butanol, H2_CO2","DSM-6324",0.33,0.5,0.5,2,14,"Samples from a hydrothermally heated deep sea sediment (Guaymas Basin, Gulf of California) and from a shallow marine hydrothermal system (Kolbeinsey ridge, Iceland).",98,6.5,"M. Kurr et al.,  1991,  Arch. Microbiol.,  vol. 156,  p. 239","full_text",2320,"scientific name","Anaerobic","methanogenesis","samples from a hydrothermally heated deep sea sediment (guaymas basin, gulf of california) and from a shallow marine hydrothermal system (kolbeinsey ridge, iceland)."
"Methanoregula boonei","Rod","negative","no","H2_CO2","DSM-21154",44,0.2,0.3,0.8,3,"Sample from McLean bog, an acidic (pH 4.0–4.5) and ombrotrophic (rain-fed) site near Ithaca, NY, USA (42° 30' N, 76° 30' W).",36,5.1,"S. Brauer et al.,  2011,  Int. J. Syst. Evol. Microbiol.,  vol. 61,  p. 45","full_text",358766,"scientific name","Anaerobic","methanogenesis","sample from mclean bog, an acidic (ph 4.0–4.5) and ombrotrophic (rain-fed) site near ithaca, ny, usa (42° 30' n, 76° 30' w)."
"Methanoregula formicica","Rod","No data","no","H2_CO2","DSM-22288",16.6,0.5,0.5,1,2.6,"Sample from a mesophilic, granular sludge in a UASB reactor used to treat a beer brewery effluent (Japan).",31.5,7.4,"Y. Yashiro et al.,  2011,  Int. J. Syst. Evol. Microbiol.,  vol. 61,  p. 53","full_text",882104,"scientific name","Anaerobic","methanogenesis","sample from a mesophilic, granular sludge in a uasb reactor used to treat a beer brewery effluent (japan)."
"Methanosaeta concilii","Rod","negative","no","acetate","DSM-3671",65,0.8,1.3,2,6,"Sample from pear waste fermentor inoculated with anaerobic sludge from the Regional Municipality of Ottawa-Carleton sewage treatment facility.",37.5,7.3,"G. Patel et al.,  1990,  Int. J. Syst. Bacteriol.,  vol. 40,  p. 79","full_text",2223,"scientific name","Anaerobic","methanogenesis","sample from pear waste fermentor inoculated with anaerobic sludge from the regional municipality of ottawa-carleton sewage treatment facility."
"Methanosaeta harundinacea","Rod","variable","no","2-butanol, acetate","DSM-17206",28,0.8,1,3,5,"Samples from mesophilic UASB anaerobic digester treating beer-manufacture wastewater (Beijing, China).",35.5,7.4,"K. Ma et al.,  2006,  Int. J. Syst. Evol. Microbiol.,  vol. 56,  p. 127","full_text",301375,"scientific name","Anaerobic","methanogenesis","samples from mesophilic uasb anaerobic digester treating beer-manufacture wastewater (beijing, china)."
"Methanosaeta pelagica","Rod","negative","no","acetate","DSM-24271",297.6,0.5,0.5,2.5,11,"Sample from a tidal flat sediment in Tokyo Bay, Chiba Prefecture, Japan.",30,7.5,"K. Mori et al.,  2012,  Appl. Environ. Microbiol.,  vol. 78,  p. 3416","full_text",1110545,"scientific name","Anaerobic","methanogenesis","sample from a tidal flat sediment in tokyo bay, chiba prefecture, japan."
"Methanosaeta thermophila","Rod","negative","no","acetate","DSM-6194",36,1,1.2,5,5,"Sample from a thermophilic anaerobic digestor.",57.5,6.7,"G. Patel et al.,  1990,  Int. J. Syst. Bacteriol.,  vol. 40,  p. 79","full_text",2224,"scientific name","Anaerobic","methanogenesis","sample from a thermophilic anaerobic digestor."
"Methanosalsum zhilinae","Irregular cocci","negative","no","dimethylamine, methanol, methylamine, trimethylamine","DSM-4017",5.8,0.8,1.5,0.8,1.5,"Sample from alkaline, saline sediments from Bosa Lake in the Wadi el Natrun, Egyp.",45,9.2,"I. Mathrani et al.,  1988,  Int. J. Syst. Bacteriol.,  vol. 38,  p. 139","full_text",39669,"scientific name","Anaerobic","methanogenesis","sample from alkaline, saline sediments from bosa lake in the wadi el natrun, egyp."
"Methanosarcina acetivorans","Irregular cocci","negative","no","acetate, dimethylamine, methanol, methylamine, trimethylamine","DSM-2834",5.2,1.5,2.5,1.5,2.5,"Sample of marine sediments from the Sumner branch of Scripps Canyon located near La Jolla, California.",40,6.5,"K. Sowers et al.,  1983,  Appl. Environ. Microbiol.,  vol. 47,  p. 971","full_text",2214,"scientific name","Anaerobic","methanogenesis","sample of marine sediments from the sumner branch of scripps canyon located near la jolla, california."
"Methanosarcina baltica","Irregular cocci","negative","no","dimethylamine, methanol, methylamine, trimethylamine","DSM-14042",84,1.5,3,1.5,3,"Sample from the anoxic surface layer of the sediment at a depth of 241 m in the Gotland Deep of the Baltic Sea.",21,7.2,"D. von Klein et al.,  2002,  Extremophiles,  vil. 6,  p. 103","full_text",109046,"scientific name","Anaerobic","methanogenesis","sample from the anoxic surface layer of the sediment at a depth of 241 m in the gotland deep of the baltic sea."
"Methanosarcina barkeri","Irregular cocci","positive","no","acetate, carbon_monoxide, dimethylamine, methanol, methylamine, trimethylamine, H2_CO2","DSM-800",6.9,1.5,2,1.5,2,"Sample from anaerobic sewage digester.",35,7,"M. Bryant et al.,  1987,  Int. J. Syst. Bacteriol.,  vol. 37,  p. 169","full_text",2208,"scientific name","Anaerobic","methanogenesis","sample from anaerobic sewage digester."
"Methanosarcina flavescens","Irregular cocci","No data","no","acetate, dimethylamine, methanol, methylamine, trimethylamine, H2_CO2, H2_methanol","DSM-100822",9.7,1,2,1,2,"Sample from anaerobic fed with maize silage, cattle manure and dry pultry faeces",42.5,7.25,"T. Kern et al.,  2016. Int J Syst Evol Microbiol vol. 66 p. 1533","full_text",1715806,"scientific name","Anaerobic","methanogenesis","sample from anaerobic fed with maize silage, cattle manure and dry pultry faeces"
"Methanosarcina horonobensis","Irregular cocci","negative","no","acetate, dimethylamine, dimethyl_sulfide, methanol, trimethylamine","DSM-21571",4.95,1.4,2.9,1.4,2.9,"Sample of a groundwater from the Wakkanai Formation.",37,7.125,"S. Shimizu et al.,  2011,  Int. J. Syst. Evol. Microbiol.,  vol. 61,  p. 2503","full_text",418008,"scientific name","Anaerobic","methanogenesis","sample of a groundwater from the wakkanai formation."
"Methanosarcina lacustris","Irregular cocci","positive","no","dimethylamine, methanol, methylamine, trimethylamine, H2_CO2","DSM-13486",49.5,1.5,3.5,1.5,3.5,"Sample from from anoxic lake sediments (Switzerland).",25,7,"M. Simankova et al.,  2001,  Syst. Appl. Microbiol.,  vol. 24,  p. 362","full_text",170861,"scientific name","Anaerobic","methanogenesis","sample from from anoxic lake sediments (switzerland)."
"Methanosarcina mazei","Irregular cocci","variable","no","2-butanol, acetate, dimethylamine, methanol, methylamine, trimethylamine, H2_CO2","DSM-2053",5.33,1,3,1,3,"Sample from sewage sludge plant.",41,7.1,"R. Mah,  1980,  Curr. Microbiol.,  vol. 3,  p. 321","full_text",2209,"scientific name","Anaerobic","methanogenesis","sample from sewage sludge plant."
"Methanosarcina semesiae","Irregular cocci","positive","no","dimethylamine, dimethyl_sulfide, methanol, methylamine, trimethylamine","DSM 12914",3.8,1.2,1.6,1.2,1.6,"Sample of  sediments obtained from the mangrove forest at Monti creek, Dar es Salaam, Tanzania (Indian Ocean).",32.5,7,"T. Lyimo et al.,  2000,  Int. J. Syst. Evol. Microbiol.,  vol. 50,  p. 171","full_text",84592,"scientific name","Anaerobic","methanogenesis","sample of  sediments obtained from the mangrove forest at monti creek, dar es salaam, tanzania (indian ocean)."
"Methanosarcina siciliae","Irregular cocci","negative","no","dimethylamine, dimethyl_sulfide, methanol, methylamine, trimethylamine","DSM-3028",6.9,1.5,3,1.5,3,"Sample of water collected from an offshore production platform receiving liquid and gas from oil well HI350 at High Island in the Gulf of Mexico.",40,6.8,"S. Ni et al.,  1991,  Int. J. Syst. Bacteriol.,  vol. 41,  p. 410","full_text",38027,"scientific name","Anaerobic","methanogenesis","sample of water collected from an offshore production platform receiving liquid and gas from oil well hi350 at high island in the gulf of mexico."
"Methanosarcina soligelidi","Irregular cocci","negative","no","acetate, methanol, H2_CO2","DSM-26065",122.4,1.3,2.5,1.3,2.5,"Samples of a permafrost-affected soil on Samoylov Island, Lena Delta, Siberia.",28,7.8,"D. Wagner et al.,  2013,  Int. J. Syst. Evol. Microbiol.,  vol. 63,  p. 2986","full_text",1036677,"scientific name","Anaerobic","methanogenesis","samples of a permafrost-affected soil on samoylov island, lena delta, siberia."
"Methanosarcina spelaei","Cocci","no data","0","acetate, dimethylamine, methanol, methylamine, trimethylamine, H2_CO2","DSM-26047",122,2,4,2,4,"Microorganism was isolated from a floating biofilm on a sulphurous subsurface lake in Movile Cave (Mangalia, Romania)",33,6.5,"L. Ganzert et al,  2014,  Int J Syst Evol Microbiol,  Vol. 64,  P. 3478-3484","full_text",1036679,"scientific name","Anaerobic","methanogenesis","microorganism was isolated from a floating biofilm on a sulphurous subsurface lake in movile cave (mangalia, romania)"
"Methanosarcina thermophila","Irregular cocci","positive","No data","2-butanol, acetate, dimethylamine, methanol, methylamine, trimethylamine, H2_CO2","DSM-1825",5,1.5,2.5,1.5,2.5,"Sample from labortory anaerobic sludge digestor (55°C) inoculated with sludge from thermophilic digestor operated at Hyperion sewage treatment plant, El Segundo, California.",55,6.5,"S. Zinder et al.,  1979,  Appl. Environ. Microbiol.,  vol. 38,  p. 996","full_text",2210,"scientific name","Anaerobic","methanogenesis","sample from labortory anaerobic sludge digestor (55°c) inoculated with sludge from thermophilic digestor operated at hyperion sewage treatment plant, el segundo, california."
"Methanosarcina vacuolata","Irregular cocci","positive","no","acetate, dimethylamine, methanol, methylamine, trimethylamine, H2_CO2","DSM-1232",5,1,2,1,2,"Sludge sample from mesophilic anaerobic digestor in Moscow.",38,7.5,"T. Zhilina et al.,  1987,  Int. J. Syst. Bacteriol.,  vol. 37,  p. 281","full_text",2215,"scientific name","Anaerobic","methanogenesis","sludge sample from mesophilic anaerobic digestor in moscow."
"Methanosphaera cuniculi","Cocci","positive","no","propionate, H2_methanol","DSM-4103",60.5,0.6,0.6,1.2,1.2,"Samples from rabbit caeca, colons, or rectums, animals were hybrids of a New Zealand White female rabbit and a California male rabbit.",37.5,6.8,"B. Biavati et al.,  1988,  Appl. Environ. Microbiol.,  vol. 54,  p. 768","full_text",1077256,"scientific name","Anaerobic","methanogenesis","samples from rabbit caeca, colons, or rectums, animals were hybrids of a new zealand white female rabbit and a california male rabbit."
"Methanosphaera stadtmanae","Cocci","positive","no","propionate, H2_methanol","DSM-3091",5.1,1,1.2,1,1.2,"Sample of human feces.",38,6.7,"T. Miller et al.,  1985,  Arch. Microbiol.,  vol. 141,  p. 116","full_text",2317,"scientific name","Anaerobic","methanogenesis","sample of human feces."
"Methanosphaerula palustris","Cocci","positive","no","H2_CO2","DSM-19958",19,0.5,0.8,0.5,0.8,"Sample from minerotrophic fen peatland, Michigan Hollow (New York State (42°21' N, 76°28' W)).",30,5.5,"H. Cadillo-Quiroz et al.,  2009,  Int. J. Syst. Evol. Microbiol.,  vol. 59,  p. 928","full_text",475088,"scientific name","Anaerobic","methanogenesis","sample from minerotrophic fen peatland, michigan hollow (new york state (42°21' n, 76°28' w))."
"Methanospirillum hungatei","Sheathed spiral","negative","yes","H2_CO2","DSM-864",20.7,0.4,0.4,7.4,10,"Sample of sewage sludge.",41,8,"J. Ferry et al., 1974,  Int. J. Syst. Bacteriol.,  vol. 24,  p. 465","full_text",2203,"scientific name","Anaerobic","methanogenesis","sample of sewage sludge."
"Methanospirillum lacunae","Cocci","negative","yes","H2_CO2","DSM-22751",32.2,0.5,0.6,11,25,"Soil sample collected from a puddle at Kisarazu, Chiba, Japan.",30,7.5,"T. Iino et al.,  2010,  Int. J. Syst. Evol. Microbiol.,  vol. 60,  p. 2563","full_text",668570,"scientific name","Anaerobic","methanogenesis","soil sample collected from a puddle at kisarazu, chiba, japan."
"Methanospirillum psychrodurum","Sheathed spiral","negative","unavailable","H2_CO2","no data",NA,NA,NA,11,62,"Soil from Madoi wetland at Qinghai-Tibetan plateau, China.",25,7,"L. Zhou et al.,  2014,  Int. J. Syst. Evol. Microbiol.,  vol. 64,  p. 638","full_text",1390225,"scientific name","Anaerobic","methanogenesis","soil from madoi wetland at qinghai-tibetan plateau, china."
"Methanospirillum stamsii","Sheathed spiral","negative","yes","H2_CO2","DSM-26304",NA,0.4,0.5,7,7.5,"Sample of granulated biomass of a two-stage low-temperature (3–8 °C) anaerobic expanded granular sludge bed (EGSB) bioreactor, fed with a mixture of volatile fatty acids (VFAs) (acetate, propionate and butyrate).",25,7.25,"S. Parshina et al.,  2014,  Int. J. Syst. Evol. Microbiol.,  vol. 64,  p. 180","full_text",1277351,"scientific name","Anaerobic","methanogenesis","sample of granulated biomass of a two-stage low-temperature (3–8 °c) anaerobic expanded granular sludge bed (egsb) bioreactor, fed with a mixture of volatile fatty acids (vfas) (acetate, propionate and butyrate)."
"Methanothermobacter crinale","Rod/cocci","positive","no","H2_CO2","DSM-24598",15.12,0.3,0.3,2.2,5.9,"Sample of production water of oil reservoirs was collected from the Shengli oil fiel.",65,6.9,"L. Cheng et al.,  2008,  Appl. Environ. Microbiol.,  vol. 77,  p. 5212","full_text",1045764,"scientific name","Anaerobic","methanogenesis","sample of production water of oil reservoirs was collected from the shengli oil fiel."
"Methanothermobacter defluvii","Rod","positive","unavailable","H2_CO2","DSM-7466",1.5,NA,NA,NA,NA,"Sludge samples from the anaerobic digestor sludge operating on waste waters containing methacrylates.",60,7,"S. Kotelnikova et al.,  1993,  Syst. Appl. Microbiol.,  vol. 16,  p. 427","full_text",49339,"scientific name","Anaerobic","methanogenesis","sludge samples from the anaerobic digestor sludge operating on waste waters containing methacrylates."
"Methanothermobacter marburgensis","Rod","positive","no","H2_CO2","DSM-2133",NA,0.35,0.35,3,20,"Sample of mesophilic sewage sludge.",65,7.1,"A. Wasserfallen et al.,  2000,  Int. J. Syst. Evol. Microbiol.,  vol. 50,  p. 43","full_text",145263,"scientific name","Anaerobic","methanogenesis","sample of mesophilic sewage sludge."
"Methanothermobacter tenebrarum","Rod","positive","no","H2_CO2","DSM-23052",12,0.5,0.5,3.5,10.5,"Sample from gas-associated formation water of a gas-producing well in a natural gas field at Niigata, Japan.",70,7.3,"K. Nakamura et al.,  2013,  Int. J. Syst. Evol. Microbiol.,  vol. 63,  p. 715","full_text",680118,"scientific name","Anaerobic","methanogenesis","sample from gas-associated formation water of a gas-producing well in a natural gas field at niigata, japan."
"Methanothermobacter thermautotrophicus","Rod","positive","no","H2_CO2","DSM-1053",3,0.4,0.6,3,120,"Sample from fermenting sludge obtained from the sewage treatment plant of the city of Urbana, Illinois.",67.5,7.4,"J. Zeikus et al.,  1972,  J. Bacteriol.,  vol. 109,  p. 707","full_text",145262,"scientific name","Anaerobic","methanogenesis","sample from fermenting sludge obtained from the sewage treatment plant of the city of urbana, illinois."
"Methanothermobacter thermoflexus","Rod","positive","unavailable","H2_CO2","DSM-7268",3.5,NA,NA,NA,NA,"Sludge samples from the anaerobic digestor sludge operating on waste waters containing methacrylates.",55,8.05,"S. Kotelnikova et al.,  1993,  Syst. Appl. Microbiol.,  vol. 16,  p. 427","full_text",49340,"scientific name","Anaerobic","methanogenesis","sludge samples from the anaerobic digestor sludge operating on waste waters containing methacrylates."
"Methanothermobacter thermophilus","Rod","No data","unavailable","H2_CO2","DSM-6529",NA,0.4,0.4,3,120,"Sample from thermophilic methane tank (USSR).",67.5,7.4,"K. Laurinavichus et al.,  1988,  Mikrobiologiya,  vol. 57,  p. 1035","full_text",49341,"scientific name","Anaerobic","methanogenesis","sample from thermophilic methane tank (ussr)."
"Methanothermobacter wolfeii","Rod","positive","no","H2_CO2","DSM-2970",NA,0.4,0.4,2.4,2.7,"Sample of a a mixture of sewage sludge and river sediment.",60,7.25,"J. Winter et al.,  2000,  Int. J. Syst. Evol. Microbiol.,  vol. 50,  p. 43","full_text",145261,"scientific name","Anaerobic","methanogenesis","sample of a a mixture of sewage sludge and river sediment."
"Methanothermococcus okinawensis","Irregular cocci","No data","yes","H2_CO2","DSM-14208",0.5,1,1.5,1,1.5,"Sample from a deep-sea hydrothermal vent chimney obtained from the hydrothermal field at Iheya Ridge in the Okinawa Trough, Japan (27° 47.220' N, 126° 53.900' E) at a depth of 972 m.",62.5,6.5,"K. Takai et al.,  2002,  Int. J. Syst. Evol. Microbiol.,  vol. 52,  p. 1089","full_text",155863,"scientific name","Anaerobic","methanogenesis","sample from a deep-sea hydrothermal vent chimney obtained from the hydrothermal field at iheya ridge in the okinawa trough, japan (27° 47.220' n, 126° 53.900' e) at a depth of 972 m."
"Methanothermococcus thermolithotrophicus","Irregular cocci","negative","yes","H2_CO2","DSM-2095",0.917,1.5,1.5,1.5,1.5,"Sample from the sandy geothermally heated sea floor of the beach at Stufe di Nerone close to Naples (italy), about 3 m away from the shore in about 0.5 m depth.",65,7,"H. Huber et al.,  1982,  Arch. Mikrobiol.,  vol. 132,  p. 47","full_text",2186,"scientific name","Anaerobic","methanogenesis","sample from the sandy geothermally heated sea floor of the beach at stufe di nerone close to naples (italy), about 3 m away from the shore in about 0.5 m depth."
"Methanothermus fervidus","Rod","positive","no","H2_CO2","DSM-2088",2.82,0.3,0.4,1,3,"Samples from Icelandic volcanic spring and mud holes with temperatures around 100 °C.",83,6.5,"K. Stetter et al.,  1981,  Zentralbl. Mikrobiol.,  vol. 178,  p. 166","full_text",2180,"scientific name","Anaerobic","methanogenesis","samples from icelandic volcanic spring and mud holes with temperatures around 100 °c."
"Methanothermus sociabilis","Rod","No data","unavailable",NA,"DSM-3496",NA,0.3,0.4,3,5,"Sample from solfatara fields in Iceland.",88,NA,"G. Lauerer et al.,  1986,  Syst. Appl. Microbiol.,  vol. 8,  p. 100","full_text",2181,"scientific name","Anaerobic","methanogenesis","sample from solfatara fields in iceland."
"Methanotorris formicicus","Irregular cocci","negative","no","H2_CO2","DSM-16983",0.5,0.8,1.5,0.8,1.5,"Sample from a black smoker chimney at the Kairei field in the Central Indian Ridge.",75,6.7,"K. Takai et al.,  2004,  Int. J. Syst. Evol. Microbiol.,  vol. 54,  p. 1095","full_text",213185,"scientific name","Anaerobic","methanogenesis","sample from a black smoker chimney at the kairei field in the central indian ridge."
"Methanotorris igneus","Cocci","No data","unavailable",NA,"DSM-5666",0.417,1,2,1,2,"Sample from a shallow (depth: 106 m) submarine vent system at the Kolbeinsey ridge, Iceland.",88,5.7,"S. Burggraf et al.,  1990,  Syst. Appl. Microbiol.,  vol. 13,  p. 263","full_text",2189,"scientific name","Anaerobic","methanogenesis","sample from a shallow (depth: 106 m) submarine vent system at the kolbeinsey ridge, iceland."
"Methermicoccus shengliensis","Cocci","positive","yes","methanol, methylamine, trimethylamine","DSM-18856",5,0.7,1,0.7,1,"Sample of oil-production water of Shengli oilfield, China.",65,6.25,"L. Cheng et al.,  2007,  Int. J. Syst. Evol. Microbiol.,  vol. 57,  p. 2964","full_text",660064,"scientific name","Anaerobic","methanogenesis","sample of oil-production water of shengli oilfield, china."
