DN_species_name,Vieira.Silva_species_name,Vieira.Silva_Ori,Vieira.Silva_OGT,Vieira.Silva_d.h.,Vieira.Silva_d_reference,DN_d.h.,DN_growth_tmp_C,DN_d_strain,DN_new_ref,DN_notes_on_Vieira.Silva_edits,ncbi_species,species
Acaryochloris marina,Acaryochloris marina,3125510,25,45,[2],45,30,MBIC11017,,,Acaryochloris marina,Acaryochloris marina
Acidovorax avenae,Acidovorax avenae,27627,28,11,[1],11,30,2FB5,,,Acidovorax avenae,Acidovorax avenae
Acinetobacter ADP1,Acinetobacter ADP1,3598158,30,0.5,[4],0.5,37,ADP1,,,Acinetobacter sp. ADP1,Acinetobacter calcoaceticus
Actinobacillus pleuropneumoniae,Actinobacillus pleuropneumoniae,1883252,37,0.75,[3],0.75,37,AB233 (AB100),,,Actinobacillus pleuropneumoniae,Actinobacillus pleuropneumoniae
Aeromonas hydrophila,Aeromonas hydrophila,4729112,28,0.35,[5],0.33,35,ATCC  7966,,Faster doubling time chosen from different strain.,Aeromonas hydrophila,Aeromonas hydrophila
Aeropyrum pernix,Aeropyrum pernix,NA,95,4,[6],4,90,NA,,,Aeropyrum pernix,Aeropyrum pernix
Agrobacterium tumefaciens,Agrobacterium tumefaciens,2841174,26,3,[7],2.1,30,B6,,Highest growth rate reported 0.33h-1 = 2.1h doubling time,Agrobacterium tumefaciens,Agrobacterium tumefaciens
Alcanivorax borkumensis,Alcanivorax borkumensis,3119635,28,10,[8],2.01,20,SK2,[1],"Lack of ref to data source in paper, only mentions growth rates (0.115 / h). Also, in referenced study organism is grown on n-hexadecane which does not support maximum growth rate. Alternative reference uses more appropriate carbon source resulting in much faster growth rate.",Alcanivorax borkumensis,Alcanivorax borkumensis
Anabaena variabilis,Anabaena variabilis,1502,20,8,[12],8,24,Kutz,,"The reported rate is under added fructose - wihtout it, growth rates are 16h at high CO2 and 24h at normal CO2 levels.",Anabaena variabilis,Anabaena variabilis
Anaeromyxobacter dehalogenans,Anaeromyxobacter dehalogenans,1396,30,9.2,[9],9.2,30,2CP-C (ATCC BAA-259),,,Anaeromyxobacter dehalogenans,Anaeromyxobacter dehalogenans
Anaplasma marginale,Anaplasma marginale,1147944,37,21.6,[10],21.6,37,Gypsy plains,,,Anaplasma marginale,Anaplasma marginale
Anaplasma phagocytophilum,Anaplasma phagocytophilum,20557,37,7,[11],7,37,HZ,,No growth data shown.,Anaplasma phagocytophilum,Anaplasma phagocytophilum
Aquifex aeolicus,Aquifex aeolicus,209842,95,1.8,[13],1.4,85,NA,,A slightly lower doubling time (1.8h) was observed using elemental sulphur,Aquifex aeolicus,Aquifex aeolicus
Archaeoglobus fulgidus,Archaeoglobus fulgidus,NA,85,4,[16],3.5,78,strain Z,[2],Not primary source. Primary source retrieved.,Archaeoglobus fulgidus,Archaeoglobus fulgidus
Arcobacter butzleri,Arcobacter butzleri,2341023,37,0.66,[15],1.22,30,NCTC 12481,,Could not find the doubling time as reported by Silva. Growth rate denoted as 00‘ö57 h-1.Assumed  0.57 h-1,Arcobacter butzleri,Arcobacter butzleri
Arthrobacter aurescens,Arthrobacter aurescens,1420,30,2,[14],2,30,TC1,,,Paenarthrobacter aurescens,Paenarthrobacter aurescens
Aromatoleum aromaticum,Azoarcus sp EbN1,1677877,28,4.3,[17],8,31,EbN1,[3],"Not same species (Azoarcus tolulyticus) - which has recently been sequenced. See Kniemeyer & Heider 2001 - they don't show the growth data but mentions max doubling time in results. See also Rabus & widdle 1995 for doubling time (11h) on ethylbenzene. This microbe is generally only grown with obscure aromatic compounds, so doubling time is probably underestimated. Azoarcus sp EbN1 has  changed name to Aromatoleum aromaticum.",Aromatoleum aromaticum,Aromatoleum aromaticum
Bacillus anthracis Ames,Bacillus anthracis Ames,1748,37,0.5,[18],1.51,40,Ames K0610,[4],Unclear if the reported doubling time is a result of bacterial growth  or rate of internalisation of spores in macropahges.,Bacillus anthracis str. Ames,Bacillus anthracis
Bacillus cereus ATCC 14579,Bacillus cereus ATCC 14579,1622,30,0.3,[19],0.32,37,FIRDI 10603,[5],Not primary source. Primary source retrieved.,Bacillus cereus ATCC 14579,Bacillus cereus
Bacillus halodurans,Bacillus halodurans,4202339,30,0.6,[21],NA,NA,NA,,Not same organism. Unable to find data on B. halodurans,Bacillus halodurans,Bacillus halodurans
Bacillus licheniformis ATCC14580,Bacillus licheniformis ATCC14580,1848,37,0.58,[23],0.58,37,S244,,,Bacillus licheniformis DSM 13 = ATCC 14580,Bacillus licheniformis
Bacillus subtilis 168,Bacillus subtilis 168,1751,37,0.43,[25],0.24,46,168,[6],Could not find the doubling time as reported. Only a proxi was reported for a different strain. New source retrieved.,Bacillus subtilis subsp. subtilis str. 168,Bacillus subtilis
Bacillus thuringiensis konkukian 97-27,Bacillus thuringiensis konkukian 97-27,1750,30,0.42,[27],0.43,28,Kurstaki,,,Bacillus thuringiensis serovar konkukian strain 97-27,Bacillus thuringiensis
Bacteroides fragilis,Bacteroides fragilis,110151,37,0.63,[20],0.44,35,NA,,"It appears doubling time is not calculated correctly. A growth rate of 1.59/h is reported and a doubling time of 37.7 min, which equates to 60/1.59. If calculated as standard the reported growth rate equates to 0.44h or 26 min",Bacteroides fragilis,Bacteroides fragilis
Bacteroides thetaiotaomicron VPI5482,Bacteroides thetaiotaomicron VPI5482,4171767,37,1.47,[26],1.47,37,ATCC 29148,,,Bacteroides thetaiotaomicron VPI-5482,Bacteroides thetaiotaomicron
Bartonella henselae Houston-1,Bartonella henselae Houston-1,1930403,37,3,[22],3,34,Houston-1,,,Bartonella henselae str. Houston-1,Bartonella henselae
Bartonella quintana Toulouse,Bartonella quintana Toulouse,1580795,37,3,[24],6,37,Fuller,,"Cannot find reported doubling time as reported by Silva. Doubling time calculated based on  limited info: ""The number of viable cells increased



approximately eightfold in 24 hr"". This microbe has changed name from Rickettsia quintana",Bartonella quintana str. Toulouse,Bartonella quintana
Bdellovibrio bacteriovorus,Bdellovibrio bacteriovorus,1417,30,1.4,[28],1.4,30,109J,,,Bdellovibrio bacteriovorus,Bdellovibrio bacteriovorus
Bifidobacterium longum NCC2705,Bifidobacterium longum NCC2705,1625766,37,1.51,[29],1.51,37,CRL 849,,,Bifidobacterium longum NCC2705,Bifidobacterium longum
Bordetella bronchiseptica RB50,Bordetella bronchiseptica RB50,5337389,37,1.42,[30],1.33,37,RB50,[7],Could not find the doubling time as reported by Silva. New source retrieved.,Bordetella bronchiseptica RB50,Bordetella bronchiseptica
Bordetella pertussis 12822,Bordetella pertussis 12822,4084466,37,3.8,[32],3.8,37,SK101,,,NA,Bordetella pertussis
Borrelia burgdorferi,Borrelia burgdorferi,458037,30,4,[31],4,33,"B-31, ATCC 35210",,Could not retrieve paper but doubling time reported in abstract. Fast initial growth in nymph which later slows down.,Borreliella burgdorferi,Borreliella burgdorferi
Borrelia garinii PBi,Borrelia garinii PBi,460244,37,4,[31],NA,NA,NA,,"Not correct species. Oliveira et al.2010 uses various media to study growth of this bacteria and reports growth curves equivalent to a doubling time of about 100h. This seems unrealistic given the much faster growth of its close relative - and particularly the much faster growth observed of burgdorferi in vivo during initial inocculation of a tick. Hence, unless we get better data for this species, I suggest we exclude it.",Borreliella bavariensis PBi,Borreliella bavariensis
Bradyrhizobium japonicum USDA110,Bradyrhizobium japonicum USDA110,680553,26,20,[34],20,28,LP3001,,,Bradyrhizobium diazoefficiens USDA 110,Bradyrhizobium diazoefficiens
Brucella abortus biovar1 9-941,Brucella abortus biovar1 9-941,2010519,37,2,[33],2,37,2308,[8],Could not retrieve ref which also doesn't seem appropriate. New primary source retrieved.,Brucella abortus bv. 1 str. 9-941,Brucella abortus
Brucella melitensis 16M,Brucella melitensis 16M,2116944,37,2,[35],2,37,16M,,,Brucella melitensis bv. 1 str. 16M,Brucella melitensis
Brucella suis 1330,Brucella suis 1330,1993857,37,2,[36],2,37,1330 (wt),,,Brucella suis 1330,Brucella suis
Buchnera aphidicola Baizongia pistaciae,Buchnera aphidicola Baizongia pistaciae,1,22,36,[37],35.4,24,NA,[9],Not primary source. Primary source retrieved. ,Buchnera aphidicola (Baizongia pistaciae),Buchnera aphidicola
Buchnera aphidicola Sg,Buchnera aphidicola Sg,641022,22,36,[37],35.4,24,NA,[9],Not primary source. Primary source retrieved. ,Buchnera aphidicola str. Sg (Schizaphis graminum),Buchnera aphidicola
Burkholderia mallei ATCC23344,Burkholderia mallei ATCC23344,3006500,37,0.75,Personal communication,0.75,37,ATCC23344,[10],"Personal communication, primary source retrieved.",Burkholderia mallei ATCC 23344,Burkholderia mallei
Burkholderia pseudomallei K96243,Burkholderia pseudomallei K96243,2376,37,1,Personal communication,0.65,37,K96243,[11],"Personal communication, primary source retrieved.",Burkholderia pseudomallei K96243,Burkholderia pseudomallei
Caldivirga maquilingensis,Caldivirga maquilingensis,NA,83,8,[41],8,85,NA,,,Caldivirga maquilingensis,Caldivirga maquilingensis
Campylobacter jejuni,Campylobacter jejuni,1324,37,1.5,[40],1.5,37,"Multiple, 301",,,Campylobacter jejuni,Campylobacter jejuni
Candidatus Blochmannia floridanus,Candidatus Blochmannia floridanus,704749,30,36,[38],NA,NA,NA,,"Bergeys manual, cannot locate primary data on B. floridanus",Candidatus Blochmannia floridanus,Candidatus Blochmannia floridanus
Candidatus Pelagibacter ubique,Candidatus Pelagibacter ubique,335453,NA,30,[42],28.7,15,"Multiple, HTCC1062",[12],Reference to a PHD thesis which could not be readily obtained.,Candidatus Pelagibacter ubique,Candidatus Pelagibacter ubique
Carboxydothermus hydrogenoformans,Carboxydothermus hydrogenoformans,2399734,68,2,[16],2,70,Z-2901,[13],Not primary source. Primary source retrieved. ,Carboxydothermus hydrogenoformans,Carboxydothermus hydrogenoformans
Caulobacter crescentus,Caulobacter crescentus,4016703,30,1.5,[39],1.42,30,CB13Bla,,Supposed rounding error.,Caulobacter vibrioides,Caulobacter vibrioides
Chlamydia pneumonia A,Chlamydia pneumonia A,1,37,24,[43],2,37,NA,,"Bergeys manual. Can't find alternative. NOTE: 24h doubling rate for Chlamydia does not seem correct. This likely includes the whole generational cycle which in itself includes a long lag phase in which non-replicating ""EB"" cells are taken up by the host cell and redifferentiate into ""RB"" cells - which can actively replicate. This lag phase is often in the order of 20h. The doubling rate of ""RB"" cells, once ready to divide, is much higher than reported here - and for multiple strains of C. trachomatis reported to be between 2 and 4 hours (mentioned in Wang et al.2007). Miyiri et al.2006 reports doubling times of 2-3h for multiple strains of C. trachomatis. C. psittaci has been shown to have a doubling time of 2h (Alexander JJ 1969). In a review on Chlamydia by McClarty 1994, RB doubling times is reported to generally be in the range of 2h.",Chlamydia pneumoniae,Chlamydia pneumoniae
Chlamydia trachomatis,Chlamydia trachomatis,719974,37,24,[43],2.4,37,Serovar D and L2,[14],Bergeys manual. Primary source retrieved.,Chlamydia trachomatis,Chlamydia trachomatis
Chlamydia trachomatis M,Chlamydia trachomatis M,1072919,37,24,[43],2,NA,NA,,"Bergeys manual. Can't find alternative. NOTE: 24h doubling rate for Chlamydia does not seem correct. This likely includes the whole generational cycle which in itself includes a long lag phase in which non-replicating ""EB"" cells are taken up by the host cell and redifferentiate into ""RB"" cells - which can actively replicate. This lag phase is often in the order of 20h. The doubling rate of ""RB"" cells, once ready to divide, is much higher than reported here - and for multiple strains of C. trachomatis reported to be between 2 and 4 hours (mentioned in Wang et al.2007). Miyiri et al.2006 reports doubling times of 2-3h for multiple strains of C. trachomatis. C. psittaci has been shown to have a doubling time of 2h (Alexander JJ 1969). In a review on Chlamydia by McClarty 1994, RB doubling times is reported to generally be in the range of 2h.",Chlamydia trachomatis,Chlamydia trachomatis
Chlamydophila abortus S26/3,Chlamydophila abortus S26/3,1144232,37,24,[43],2,37,NA,,"Bergeys manual. Can't find alternative. NOTE: 24h doubling rate for Chlamydia does not seem correct. This likely includes the whole generational cycle which in itself includes a long lag phase in which non-replicating ""EB"" cells are taken up by the host cell and redifferentiate into ""RB"" cells - which can actively replicate. This lag phase is often in the order of 20h. The doubling rate of ""RB"" cells, once ready to divide, is much higher than reported here - and for multiple strains of C. trachomatis reported to be between 2 and 4 hours (mentioned in Wang et al.2007). Miyiri et al.2006 reports doubling times of 2-3h for multiple strains of C. trachomatis. C. psittaci has been shown to have a doubling time of 2h (Alexander JJ 1969). In a review on Chlamydia by McClarty 1994, RB doubling times is reported to generally be in the range of 2h.",Chlamydia abortus S26/3,Chlamydia abortus
Chlamydophila caviae GPIC,Chlamydophila caviae GPIC,1173153,37,24,[43],2,37,NA,,"Bergeys manual. Can't find alternative. NOTE: 24h doubling rate for Chlamydia does not seem correct. This likely includes the whole generational cycle which in itself includes a long lag phase in which non-replicating ""EB"" cells are taken up by the host cell and redifferentiate into ""RB"" cells - which can actively replicate. This lag phase is often in the order of 20h. The doubling rate of ""RB"" cells, once ready to divide, is much higher than reported here - and for multiple strains of C. trachomatis reported to be between 2 and 4 hours (mentioned in Wang et al.2007). Miyiri et al.2006 reports doubling times of 2-3h for multiple strains of C. trachomatis. C. psittaci has been shown to have a doubling time of 2h (Alexander JJ 1969). In a review on Chlamydia by McClarty 1994, RB doubling times is reported to generally be in the range of 2h.",Chlamydophila caviae GPIC,Chlamydia caviae
Chlorobium tepidum TLS,Chlorobium tepidum TLS,1127,30,2,[45],2.4,47,WT2321 derived from (ATCC 49652),,,Chlorobium tepidum TLS,Chlorobaculum tepidum
Chloroflexus aurantiacus,Chloroflexus aurantiacus,5258006,49,6,[44],6,50,Wild type,,,Chloroflexus aurantiacus,Chloroflexus aurantiacus
Chromobacterium violaceum ATCC12472,Chromobacterium violaceum ATCC12472,236386,26,0.8,[46],0.83,NA,CS-1,,,Chromobacterium violaceum ATCC 12472,Chromobacterium violaceum
Clostridium acetobutylicum ATCC824,Clostridium acetobutylicum ATCC824,1808,37,0.58,[47],0.97,37,ATCC824,[15],Bergeys manual. Primary source retrieved.,Clostridium acetobutylicum ATCC 824,Clostridium acetobutylicum
Clostridium perfringens 13,Clostridium perfringens 13,1784,37,0.2,[48],0.12,41,"Multi, NCTC 8238",[16],Not primary source. Primary source retrieved.,Clostridium perfringens str. 13,Clostridium perfringens
Clostridium tetani E88,Clostridium tetani E88,50965,37,0.5,[49],NA,NA,NA,,Not correct species. Cannot locate primary data on C. tetani,Clostridium tetani E88,Clostridium tetani
Colwellia psychrerythraea,Colwellia psychrerythraea,5367414,10,7.14,[52],7.14,10,ATCC 27364,,"While this paper is actually on a different species, it does contain data on the specified species.",Colwellia psychrerythraea,Colwellia psychrerythraea
Corynebacterium glutamicum,Corynebacterium glutamicum,1576,30,1.2,[51],1.17,30,ATCC 17965,,The indicated growth rate is based on  maximum dilution rate in chemostat and so may be an underestimation.,Corynebacterium glutamicum,Corynebacterium glutamicum
Coxiella burnetii RSA 493,Coxiella burnetii RSA 493,1835517,37,8,[50],9.6,36,Nine Mile,[17],"Not primary source. Primary source retrieved.  - and the current reference refers to another review for source of doubling time: Baca, O.G. and Paretsky, D. (1983) Microbiol. Rev. 47, 127_„_149. Altarnative reference refer to an old study where calculation of Ld50 data gives a doubling time of 8.8h, but I can't follow the calculation and therefore stick with the current estimate. This seems to be in the low end of what is generally guestimated in the litterature for this species.",Coxiella burnetii RSA 493,Coxiella burnetii
Dehalococcoides ethenogenes 195,Dehalococcoides ethenogenes 195,1599,35,19,[54],19.2,NA,195,,,Dehalococcoides mccartyi 195,Dehalococcoides mccartyi
Deinococcus radiodurans R1,Deinococcus radiodurans R1,1183,30,1.5,[56],1.5,30,"R1, ATCCl 3939",,Growth data not shown - only mention of doubling time,Deinococcus radiodurans R1,Deinococcus radiodurans
Delftia acidovorans,Delftia acidovorans,26889,30,4.62,[53],4.62,30,MC1,,,Delftia acidovorans,Delftia acidovorans
Desulfotalea psychrophila LSv54,Desulfotalea psychrophila LSv54,709557,7,27,[55],27,10,LSv54,,,Desulfotalea psychrophila LSv54,Desulfotalea psychrophila
Desulfotomaculum reducens,Desulfotomaculum reducens,1691,37,20,[57],20,37,MI-1,,,Desulfotomaculum reducens,Desulfotomaculum reducens
Desulfovibrio vulgaris,Desulfovibrio vulgaris,3570715,32,14,[58],13.9,32,Hildenborough,,,Desulfovibrio vulgaris,Desulfovibrio vulgaris
Dinoroseobacter shibae,Dinoroseobacter shibae,3633375,33,4.08,[59],4.08,33,DFL12,,,Dinoroseobacter shibae,Dinoroseobacter shibae
Ehrlichia canis,Ehrlichia canis,11395,37,28,[60],28,37,Oklahoma,,,Ehrlichia canis,Ehrlichia canis
Ehrlichia chaffeensis,Ehrlichia chaffeensis,26939,37,19,[60],19,37,Arkansas,,,Ehrlichia chaffeensis,Ehrlichia chaffeensis
Cronobacter sakazakii,Enterobacter sakazakii,3960616,37,0.23,[62],0.23,37,Multiple,,Doubling time is mean of multiple strains with very similar doubling times. Enterobacter sakazakii has changed name to Cronobacter sakazakii,Cronobacter sakazakii,Cronobacter sakazakii
Enterococcus faecalis V583,Enterococcus faecalis V583,1403,37,0.5,[61],0.61,30,EF37,[18],Wrong species - Enterococcus faecium.,Enterococcus faecalis V583,Enterococcus faecalis
Pectobacterium atrosepticum,Erwinia carotovora atroseptica SCRI1043,5063660,28,0.2,[63],2.31,28,"Multiple (CFBP) all subsp.



Atroseptica",[19],Not convinced by the quality of the referenced paper. No indication of whether organism is grown aerobically - and indicated growth rate seems very high - even compared  to their data figures. I have recorded data from  a different study (average of multiple strains read from figure: approx 0.3/h). This  number seems to fit better with the graph of the original reference. Erwinia carotovora atroseptica has changed name to Pectobacterium atrosepticum.,Pectobacterium atrosepticum,Pectobacterium atrosepticum
Escherichia coli MG1655,Escherichia coli MG1655,3923657,37,0.35,[64],0.43,40,Easter,[20],Not primary source. Primary source retrieved. ,Escherichia coli str. K-12 substr. MG1655,Escherichia coli
Francisella tularensis,Francisella tularensis,1892387,37,3,[65],3,37,LVS,,Douling time a very rough estimate based on two datapoints over 18h,Francisella tularensis,Francisella tularensis
Fusobacterium nucleatum,Fusobacterium nucleatum,641869,37,0.72,[20],0.47,35,NA,,"Doubling time does not appear to have been calculated correctly. A growth rate of 1.48/h is reported for this organism, which equates to a doubling time of 0.47 hours.",Fusobacterium nucleatum,Fusobacterium nucleatum
Geobacter sulfurreducens PCA,Geobacter sulfurreducens PCA,1368,30,6,[66],6,30,ATCC 51573,,"The referenced paper/data relates to co-culturing conditions, which may not be appropriate for minimal growth rate estimiates of G sulfurreducens. However, other papers seem to have similar growth rates or slower, so let's go with this.",Geobacter sulfurreducens PCA,Geobacter sulfurreducens
Gloeobacter violaceus,Gloeobacter violaceus,3438638,NA,72,[68],73,25,7421,[21],Not primary source. Primary source retrieved. ,Gloeobacter violaceus,Gloeobacter violaceus
Gluconobacter oxydans 621H,Gluconobacter oxydans 621H,1139728,28,0.94,[67],0.94,30,ATCC-621,,,Gluconobacter oxydans 621H,Gluconobacter oxydans
Gramella forsetii,Gramella forsetii,3458688,NA,4.17,[69],4.17,NA,KT0803,,"No info on growth conditions, no appropriate alternative could be found.",Gramella forsetii,Gramella forsetii
Haemophilus ducreyi 35000HP,Haemophilus ducreyi 35000HP,1698708,36,1.8,[70],1.8,33,CIP 542T,[22],Not primary source. Primary source retrieved. ,Haemophilus ducreyi 35000HP,Haemophilus ducreyi
Haemophilus influenzae,Haemophilus influenzae,603005,36,0.5,[64],0.43,37,NA,,Generation time listed in table as 26 min,Haemophilus influenzae,Haemophilus influenzae
Haloarcula marismortui,Haloarcula marismortui,NA,50,12,[71],12,37,DSM 3752,,,Haloarcula marismortui,Haloarcula marismortui
Halobacterium salinarum,Halobacterium sp. Strain NRC-1,NA,37,9,[72],9,37,NRC-1 mutants,,Halobacterium sp. Strain NRC-1 has changed name to Halobacterium salinarum.,Halobacterium salinarum,Halobacterium salinarum
Haloquadratum walsbyi,Haloquadratum walsbyi,NA,37,24,[73],24,37,HBSQ001,,No data to support doubling time - only a mention of 1-2 days. Very little work published on this organism and no appropraite alternative could be found.,Haloquadratum walsbyi,Haloquadratum walsbyi
Helicobacter hepaticus ATCC51449,Helicobacter hepaticus ATCC51449,1081990,37,4.2,[75],4.2,37,ATCC 51449,,,Helicobacter hepaticus ATCC 51449,Helicobacter hepaticus
Helicobacter pylori,Helicobacter pylori,1608998,37,2.4,[76],2.39,37,"Multiple, VHP571",,,Helicobacter pylori,Helicobacter pylori
Herpetosiphon aurantiacus,Herpetosiphon aurantiacus,6345664,30,20,[74],20,25,DSM 785,,This ref is on a different (unidentified) species of Herpetosiphon wherein this particular species is mentioned as being identical in physiological properties but not morphologically. No appropriate growth data could be found on H.aurantiacus,Herpetosiphon aurantiacus,Herpetosiphon aurantiacus
Hyperthermus butylicus,Hyperthermus butylicus,NA,99,2,[16],2,107,NA,[23],Not primary source. Primary source retrieved. ,Hyperthermus butylicus,Hyperthermus butylicus
Ignicoccus hospitalis,Ignicoccus hospitalis,NA,90,0.83,[77],0.83,90,KIN4/IT,,,Ignicoccus hospitalis,Ignicoccus hospitalis
Lactobacillus acidophilus NCFM,Lactobacillus acidophilus NCFM,1993119,45,1.8,[78],1.26,42,La5,,"Maximum growth rate is repoted as 0.55/h. Note, the value reported by Silva corresponds to 1/0.55=1.81.",Lactobacillus acidophilus NCFM,Lactobacillus acidophilus
Lactobacillus johnsonii NCC533,Lactobacillus johnsonii NCC533,1992003,30,0.9,[79],0.43,37,NCC533,,Maximum specific growth rate reported as 1.6/h. No number resembling what silva reports can be found in the paper,Lactobacillus johnsonii NCC 533,Lactobacillus johnsonii
Lactobacillus plantarum WCFS1,Lactobacillus plantarum WCFS1,1369,30,1.6,[81],1.12,30,LL441,,"Calculation of the critical dilution rate (0.62 h-1) corresponding to the maximal growth rate was done by the method of Pirt and Callow. Note, the value repoted by Silva corresponds to 1/0.62=1.63. This is not correct.",Lactobacillus plantarum WCFS1,Lactobacillus plantarum
Lactococcus lactis IL1403,Lactococcus lactis IL1403,1726,40,0.7,[80],0.61,30,MG1363,,Highest reported growth rate is 1.14/h for wild type,Lactococcus lactis subsp. lactis Il1403,Lactococcus lactis
Legionella pneumophila pneumophila Philadelphia 1,Legionella pneumophila pneumophila Philadelphia 1,3397647,37,3.3,[83],2.4,35,789i,,Rates not calculated in paper. Calculated from Fig 5.,Legionella pneumophila subsp. pneumophila str. Philadelphia 1,Legionella pneumophila
Leifsonia xyli xyli CTCB07,Leifsonia xyli xyli CTCB07,1647,23,5,[84],5.5,NA,subsp .cynodontis MDE1,,"Note, this microbe has changed name from Clavibacter Xyli. Growth rate stated directly in paper as 5.5 for wild type",Leifsonia xyli subsp. xyli str. CTCB07,Leifsonia xyli
Leptospira interrogans serovar lai 56601 chr1,Leptospira interrogans serovar lai 56601 chr1,1566,29,9,[82],10.23,29,L. canicola,[24],Not same species,Leptospira interrogans serovar Lai str. 56601,Leptospira interrogans
Listeria innocua Clip11262,Listeria innocua Clip11262,1675,22,0.6,[85],0.47,30,DSM 20649,[25],Ref is a model paper based on data from previous work from this author.,Listeria innocua Clip11262,Listeria innocua
Listeria monocytogenes strain EGD,Listeria monocytogenes strain EGD,1674,23,1,[64],1.5,37,EGD,[26],"Not primary source. The reference within does not show data on the reported generation time of 1h in vitro, but only in vivo rates (4-5h). Primary source retrieved. ",Listeria monocytogenes EGD,Listeria monocytogenes
Mannheimia succiniciproducens MBEL55E,Mannheimia succiniciproducens MBEL55E,2281135,37,0.6,[86],0.6,39,MBEL55E,,"Highest rate reported in text, not table",Mannheimia succiniciproducens MBEL55E,Mannheimia succiniciproducens
Mesorhizobium loti,Mesorhizobium loti,4478943,26,2.4,[93],2.4,28,4-INTECh,,Formerly known as Rhizobium loti,Mesorhizobium loti,Mesorhizobium loti
Methanobacterium thermoautotrophicum,Methanobacterium thermoautotrophicum,NA,65,1,[94],1,65,Marburg,,,Methanothermobacter thermautotrophicus,Methanothermobacter thermautotrophicus
Methanococcoides burtonii,Methanococcoides burtonii,NA,32,20,[88],20,23,NA,,,Methanococcoides burtonii,Methanococcoides burtonii
Methanococcus jannaschii,Methanococcus jannaschii,NA,83,0.5,[16],0.7,85,JAL-1,[27],Not primary source. Primary source retrieved.,Methanocaldococcus jannaschii,Methanocaldococcus jannaschii
Methanopyrus kandleri,Methanopyrus kandleri,NA,98,0.83,[92],0.83,98,NA,[28],Not primary source. Primary source retrieved.,Methanopyrus kandleri,Methanopyrus kandleri
Methanosarcina barkeri,Methanosarcina barkeri,NA,37,12,[87],8,37,DSM 804,,"Generation time of 8-12h stated in abstract. There is a mentinon of  ""about"" 7h doubling time in text, but I've decided to go with abstract number",Methanosarcina barkeri,Methanosarcina barkeri
Methylobacillus flagellatus,Methylobacillus flagellatus,1459,36,2,[91],0.85,42,NA,[29],Bergeys manual. Primary source retrieved.,Methylobacillus flagellatus,Methylobacillus flagellatus
Methylobacterium extorquens,Methylobacterium extorquens,5470388,28,4.2,[90],4.2,30,AM1,,"Note, this value seems a bit high compared with other publications (2.4-3h)",Methylobacterium extorquens,Methylobacterium extorquens
Methylococcus capsulatus,Methylococcus capsulatus,3302726,37,1.87,[89],1.87,45,Bath,,,Methylococcus capsulatus,Methylococcus capsulatus
Moorella thermoacetica,Moorella thermoacetica,228,58,5,[95],5,59,JW/DB-4,,,Moorella thermoacetica,Moorella thermoacetica
Mycobacterium avium paratuberculosis k10,Mycobacterium avium paratuberculosis k10,1531,37,10,[96],10,37,A5,,,Mycobacterium avium subsp. paratuberculosis K-10,Mycobacterium avium
Mycobacterium bovis bovis AF2122/97,Mycobacterium bovis bovis AF2122/97,1525,37,23,[97],23.4,37,Ravenel,,Large variability between strains (23-143h),Mycobacterium bovis AF2122/97,Mycobacterium bovis
Mycobacterium leprae,Mycobacterium leprae,1567,37,240,[101],240,37,NA,,"Not primary source. Mentions doubling time of 14 days with ref to  book on leprosy. However, cannot locate primary data of sufficient quality (see ex. Colston & Hilson 1976). Primary source retrieved.",Mycobacterium leprae,Mycobacterium leprae
Mycobacterium tuberculosis,Mycobacterium tuberculosis,1525,37,19,[97],19,38,"Multiple, Erdman",,,Mycobacterium tuberculosis,Mycobacterium tuberculosis
Mycoplasma capricolum,Mycoplasma capricolum,1009729,37,2.5,[98],3.03,37,"Kid strain 14, ATCC 27342",[30],Not primary source. Primary source retrieved.,Mycoplasma capricolum,Mycoplasma capricolum
Mycoplasma gallisepticum R,Mycoplasma gallisepticum R,2682,37,1,Personal communication,2.45,37,S6,[31],"Personal communication, primary source retrieved. Note: new doubling rate supported by Bradbury & Jordan 1971 (roughly 3h)",Mycoplasma gallisepticum str. R,Mycoplasma gallisepticum
Mycoplasma genitalium,Mycoplasma genitalium,578582,37,12,[99],11.9,37,G-37 WT,[32],Not primary source. Primary source retrieved.,Mycoplasma genitalium,Mycoplasma genitalium
Mycoplasma hyopneumoniae 232,Mycoplasma hyopneumoniae 232,513000,37,2,[100],6.4,37,F7.2C,[33],"No data, anecdotal mention of 2h approximate generation time. Many refers to this particular species as very slow growing, so 2h doubling time doesn't seem reasonable. Also, multiple papers support doubling time of around 10h or more.",Mycoplasma hyopneumoniae 232,Mycoplasma hyopneumoniae
Mycoplasma mobile 163K,Mycoplasma mobile 163K,1,20,10,[102],3.2,25,163K,[34],Not primary source. Primary source retrieved.,Mycoplasma mobile 163K,Mycoplasma mobile
Mycoplasma mycoides mycoides SC,Mycoplasma mycoides mycoides SC,1211535,45,2.2,[98],1.7,37,Gladysdale,[35],"Not primary source. Primary source retrieved. Note: in new source multiple strains were tested and one strain isolated before 1964 had a doubling time of just 1.7h,  however, it is pointed out that this could be due to adaptation to in vitro culturing. Range for recently isolated strains: 168 to 345 min depending  on strain.",Mycoplasma mycoides subsp. mycoides SC,Mycoplasma mycoides
Mycoplasma pneumoniae,Mycoplasma pneumoniae,816339,37,6,[99],4.22,37,FH,[36],Not primary source. Primary source retrieved.,Mycoplasma pneumoniae,Mycoplasma pneumoniae
Mycoplasma pulmonis UAB CTIP,Mycoplasma pulmonis UAB CTIP,1,37,1.5,[103],1,37,"P15-BC, P15-BC (from strain KD735-15-1)",[37],Not primary source. Primary source retrieved.,Mycoplasma pulmonis UAB CTIP,Mycoplasma pulmonis
Myxococcus xanthus,Myxococcus xanthus,9139603,30,5,[104],4,30,IFO 13542,[38],Not primary source. Primary source retrieved. Note: In new source only data for doubling time of 4.8h is shown.,Myxococcus xanthus,Myxococcus xanthus
Nanoarchaeum equitans,Nanoarchaeum equitans,NA,90,0.75,[105],0.75,90,NA,[39],Not primary source. Primary source retrieved.,Nanoarchaeum equitans,Nanoarchaeum equitans
Neisseria gonorrhoeae FA1090,Neisseria gonorrhoeae FA1090,1917745,36,0.58,[106],0.58,37,GCM740 (wt),,,Neisseria gonorrhoeae FA 1090,Neisseria gonorrhoeae
Neisseria meningitidis A,Neisseria meningitidis A,219873,37,0.72,[107],0.72,37,MC58 (wt),,,Neisseria meningitidis,Neisseria meningitidis
Nitrobacter winogradskyi,Nitrobacter winogradskyi,114297,28,8,[108],16.08,28,Nb-255,[40],"Bergeys manual. Primary source retrieved. Note: No primary data could be found in primary sources supporting a doubling rate at 8h. All  references found mentioning this doubling time refered to the same section in Bergey's. No supporting data could be found in papers from the authors of this chapter in Bergey's. Most reported doubling rates are much higher, and the one chosen here represents the second shortest doubling rate found for N. winogradskyi. However, the faster doubling rate (calculated from figure to just under 14h, was from a paper [Laudelout &  Fripiat 1974] with very limited information and no info on strain used).",Nitrobacter winogradskyi,Nitrobacter winogradskyi
Nitrosomonas europaea ATCC19718,Nitrosomonas europaea ATCC19718,1591,27,18.5,[43],5.5,25,ATCC19718,[41],Bergeys manual. Primary source retrieved.,Nitrosomonas europaea ATCC 19718,Nitrosomonas europaea
Nocardia farcinica,Nocardia farcinica,1990,37,3,[109],NA,NA,NA,,Not same species. Very variable growth rate  on different compounds (up to 44h). Cannot find appropriate alternative.,Nocardia farcinica,Nocardia farcinica
Nostoc sp. PCC 7120,Nostoc sp. PCC 7120,2404398,NA,12,[110],16,28,ATCC 29133 (PCC 73102),[42],"Not primary source. Primary source retrieved. Note: in new source, different strain and possibly species (type strain for Nostoc punctiforme)",Nostoc sp. PCC 7120,Nostoc sp. PCC 7120
Oenococcus oeni,Oenococcus oeni,1780070,24,10.5,[111],10.5,25,NCIMB 11648,,,Oenococcus oeni,Oenococcus oeni
Candidatus Protochlamydia amoebophila,Parachlamydia sp UWE25,1,NA,48,[114],48,37,"Species: Parachlamydia acanthamoeba, strain Hall coccus",,"The presented data is of low resolution. But doubling time mentioned directly in paper. Parachlamydia sp. UWE25 has changed name to Candidatus Protochlamydia amoebophila. This indicate that the species for which doubling time is reported may be incorrect. However, alternative data has not been found.",Candidatus Protochlamydia amoebophila,Candidatus Protochlamydia amoebophila
Paracoccus denitrificans,Paracoccus denitrificans,2851745,30,2.1,[112],2.1,30,NA,,,Paracoccus denitrificans,Paracoccus denitrificans
Pasteurella multocida PM70,Pasteurella multocida PM70,1677118,37,1,[113],1,37,A:1,,Growth rate reported anecdotically as  approx 1h (lab experience),Pasteurella multocida subsp. multocida str. Pm70,Pasteurella multocida
Petrotoga mobilis,Petrotoga mobilis,1423266,55,12,[115],12,60,SJ95T,,,Petrotoga mobilis,Petrotoga mobilis
Photobacterium profundum SS9,Photobacterium profundum SS9,4085022,10,2.5,[116],1.7,10,DSJ4,[43],Not clear reference to obtained doubling time (2.5h). New source retrieved.,Photobacterium profundum SS9,Photobacterium profundum
Photorhabdus luminescens laumondii TTO1,Photorhabdus luminescens laumondii TTO1,44490,28,0.5,Personal communication,0.73,28,NA,[44],"Personal communication, primary source retrieved.",Photorhabdus luminescens subsp. laumondii TTO1,Photorhabdus luminescens
Picrophilus torridus DSM 9790,Picrophilus torridus DSM 9790,NA,60,6,[118],6,60,DSM 9790,,,Picrophilus torridus DSM 9790,Picrophilus torridus
Rhodopirellula baltica,Pirellula sp,5455000,28,10,[117],10,25,1,,Pirellula sp. has changed name to Rhodospirellula baltica.,Rhodopirellula baltica,Rhodopirellula baltica
Porphyromonas gingivalis W83,Porphyromonas gingivalis W83,2342805,37,2.7,[119],2.56,37,W50,,Supposed rounding error.,Porphyromonas gingivalis W83,Porphyromonas gingivalis
Prochlorococcus marinus marinus CCMP1375,Prochlorococcus marinus marinus CCMP1375,1750905,NA,17,[121],16.8,26,MIT 9302,,,Prochlorococcus marinus subsp. marinus str. CCMP1375,Prochlorococcus marinus
Propionibacterium acnes KPA171202,Propionibacterium acnes KPA171202,1748,31,5.1,[120],5.1,35,NA,[45],Not primary source. Primary source retrieved.,Propionibacterium acnes KPA171202,Cutibacterium acnes
Pseudoalteromonas haloplanktis,Pseudoalteromonas haloplanktis,3208603,26,0.5,[122],2.04,15,TAC125,[46],"Cannot find data on doubling times, no such data presented in paper.",Pseudoalteromonas haloplanktis,Pseudoalteromonas haloplanktis
Pseudomonas aeruginosa PA01,Pseudomonas aeruginosa PA01,6264361,37,0.5,[64],0.33,37,Fisher-Devlin-Gnabasik,[20],Not primary source. Primary source retrieved.,Pseudomonas aeruginosa PAO1,Pseudomonas aeruginosa
Pseudomonas putida KT2440,Pseudomonas putida KT2440,8947,27,1.1,[124],1.11,24,G7,,,Pseudomonas putida KT2440,Pseudomonas putida
Pseudomonas syringae tomato DC3000,Pseudomonas syringae tomato DC3000,6396882,27,1.47,[125],1.67,30.7,PG4180 (pv glycinea),,Max doubling time reported as 1h 40 min at 30.7C,Pseudomonas syringae pv. tomato DC3000,Pseudomonas syringae
Psychromonas ingrahamii,Psychromonas ingrahamii,4558259,12,12,[123],12,5,37,,"No data shown for 5 degree growth, but generation time mentioned in text.",Psychromonas ingrahamii,Psychromonas ingrahamii
Pyrobaculum aerophilum,Pyrobaculum aerophilum,NA,100,3,[16],3,100,"IM2, DSM 7523",[47],Not primary source. Primary source retrieved.,Pyrobaculum aerophilum,Pyrobaculum aerophilum
Pyrobaculum arsenaticum,Pyrobaculum arsenaticum,NA,95,1.3,[126],1.35,95,"PZ6, DSM 13514, ATCC 700994",[48],Not primary source. Primary source retrieved.,Pyrobaculum arsenaticum,Pyrobaculum arsenaticum
Pyrococcus abyssi,Pyrococcus abyssi,NA,96,0.62,[16],0.55,96,GE5,[49],Not primary source. Primary source retrieved.,Pyrococcus abyssi,Pyrococcus abyssi
Pyrococcus furiosus,Pyrococcus furiosus,NA,100,0.62,[16],0.62,100,"Vc 1, DSM 3638",[50],Not primary source. Primary source retrieved.,Pyrococcus furiosus,Pyrococcus furiosus
Pyrococcus horikoshii,Pyrococcus horikoshii,NA,98,0.62,[16],0.53,98,"JA-1, JCM 9974",[51],Not primary source. Primary source retrieved.,Pyrococcus horikoshii,Pyrococcus horikoshii
Ralstonia solanacearum GMI1000,Ralstonia solanacearum GMI1000,3716277,30,4,[127],1,28,715,[52],Wrong species. - and wrong doubling time for this species.,Ralstonia solanacearum GMI1000,Ralstonia solanacearum
Rhodobacter sphaeroides,Rhodobacter sphaeroides,3004887,32,3,[132],3.4,27,L-7,[53],Cannot find the number reported by Silva. Only 16h doubling time in the light. No data shown.,Rhodobacter sphaeroides,Rhodobacter sphaeroides
Rhodococcus jostii,Rhodococcus sp. Strain RHA1,3871702,30,5.3,[130],5.3,30,RHA1,,Rhodococcus sp. Strin RHA1 has changed name to Rhodococcus jostii.,Rhodococcus jostii,Rhodococcus jostii
Rhodoferax ferrireducens,Rhodoferax ferrireducens,40520,25,8,[128],22.7,25,T118T,[54],Wrong species.,Rhodoferax ferrireducens,Rhodoferax ferrireducens
Rhodopseudomonas palustris,Rhodopseudomonas palustris,322962,33,9,[129],10.7,30,WS17,[55],Not primary source. Primary source retrieved.,Rhodopseudomonas palustris,Rhodopseudomonas palustris
Rhodospirillum rubrum,Rhodospirillum rubrum,4154190,28,3.8,[131],3.8,30,UR294,,For growth conditions see Kerby et al.1992,Rhodospirillum rubrum,Rhodospirillum rubrum
Rickettsia conorii Malish 7,Rickettsia conorii Malish 7,1268361,35,4.1,[133],4,37,Casablanca,[56],"Cannot obtain original ref., new retrieved.",Rickettsia conorii str. Malish 7,Rickettsia conorii
Rickettsia prowazekii,Rickettsia prowazekii,1111140,35,10,[134],8.8,34,NA,,"""doubling time of about 10h"" mentioned in abstract, however, data presented with a doubling time of 8.8h in table.",Rickettsia prowazekii,Rickettsia prowazekii
Rickettsia typhi wilmington,Rickettsia typhi wilmington,1111114,35,10,[135],17.6,34,Wilmington,[57],"Referenced paper presents no data but refer to R. prowazekii for growth rate.  Note: In new source, poor data (ref to 17 doublings over 3 days), it's the best that can be found at this point",Rickettsia typhi str. Wilmington,Rickettsia typhi
Rubrobacter xylanophilus,Rubrobacter xylanophilus,1355,60,3.85,[136],4.3,60,PRD-1T (DSM 9941T),,Growth rate read of figure,Rubrobacter xylanophilus,Rubrobacter xylanophilus
Salinibacter ruber,Salinibacter ruber,12594,42,14,[137],14,37,"M31T (DSM 13855T, CECT 5946T)",,Data not shown but doubling times reported for multiple strains as between 14 and 18h,Salinibacter ruber,Salinibacter ruber
Salmonella typhimurium LT2,Salmonella typhimurium LT2,4083788,37,0.4,[64],0.37,37,V31,[58],Not primary source. Primary source retrieved.,Salmonella enterica subsp. enterica serovar Typhimurium str. LT2,Salmonella enterica
Shewanella oneidensis MR-1,Shewanella oneidensis MR-1,6419,30,0.66,[138],0.75,22,MR-1 (ATCC 700550),,"Report doubling time of approx 40 min in abstract but approx 45 min in text with growth rate of 1.4h-1. Note, growth rate is from sub-optimal temperature",Shewanella oneidensis MR-1,Shewanella oneidensis
Silicibacter pomeroyi,Silicibacter pomeroyi,4105854,NA,1.65,[140],1.65,30,"DSS-3T (ATCC 700808T, DSM 15171T)",,,Ruegeria pomeroyi,Ruegeria pomeroyi
Sinorhizobium meliloti 1021,Sinorhizobium meliloti 1021,1,28,1.5,[139],1.5,30,1021,,"Data not shown, only mentioned as doubling times",Sinorhizobium meliloti 1021,Sinorhizobium meliloti
Sodalis glossinidius,Sodalis glossinidius,4127547,25,26,[141],26,26.5,NA,,,Sodalis glossinidius,Sodalis glossinidius
Sorangium cellulosum,Sorangium cellulosum,11354923,30,16,[104],6,34,So ce56,[59],Not primary source. Primary source retrieved.,Sorangium cellulosum,Sorangium cellulosum
Sphingopyxis alaskensis,Sphingopyxis alaskensis,1535,NA,2.39,[142],3.3,30,RB2256,[60],"Might actually be correct ref. Sphingopyxis used to be called sphingomonas, and Sphingomonas alaskensis has strain RB2256 - like indicated in this paper. However, to limit confusion - and for more detailed data, use alternative rer.",Sphingopyxis alaskensis,Sphingopyxis alaskensis
Staphylococcus aureus strain N315,Staphylococcus aureus strain N315,1879,34,0.4,[144],0.48,37,N315,,Silva used the lowest doubling time but this was for a different strain. Chose data from matching strain.,Staphylococcus aureus subsp. aureus N315,Staphylococcus aureus
Staphylococcus epidermidis ATCC 12228,Staphylococcus epidermidis ATCC 12228,1718,34,0.8,[146],0.33,36,HBH2 102,,Maximum doubling time reported as 20 min for surface grown cells but 54 min for planktonic cells,Staphylococcus epidermidis ATCC 12228,Staphylococcus epidermidis
Staphylothermus marinus,Staphylothermus marinus,NA,87,6.3,[147],6.3,85,DSM 3639,,,Staphylothermus marinus,Staphylothermus marinus
Streptococcus agalactiae 2603VR,Streptococcus agalactiae 2603VR,1464,37,1.8,[143],0.8,37,type III strain M781,[61],Located alternative primary sources with faster growth rate reported. Note: new data backed up by Hanthequeste et al.,Streptococcus agalactiae 2603V/R,Streptococcus agalactiae
Streptococcus mutans UA159,Streptococcus mutans UA159,1553,37,0.75,[148],1.1,37,T2,[62],"Ref in Japanese. Use alternative - Doubling time reported in Beckers is supported by other papers - generally just over 1h per generation. However, I also found a non-published study reporting doubling times of 43 minutes in TSB media (Schell et al.poster). Supporting the 0.75 doubling time reported by Silva. Most studies on dental biofilm formation",Streptococcus mutans UA159,Streptococcus mutans
Streptococcus pneumoniae TIGR4,Streptococcus pneumoniae TIGR4,1559,37,0.5,[149],0.52,37,NA,,"Fastest doubling time reported anecdotically (almost) referring to experiments not shown in paper (and not mentioned in abstract), where growth rates were determined to be between 0.52 and 0.61. ",Streptococcus pneumoniae TIGR4,Streptococcus pneumoniae
Streptococcus pyogenes M1,Streptococcus pyogenes M1,1588,37,0.4,[150],0.42,37,M6 strain JRS4,,,Streptococcus pyogenes serotype M1,Streptococcus pyogenes
Streptococcus thermophilus LMG18311,Streptococcus thermophilus LMG18311,1551,37,0.43,[151],0.4,42,54,,Doubling time not reported for control - calculated from growth curve Fig 1.,Streptococcus thermophilus LMG 18311,Streptococcus thermophilus
Streptomyces coelicolor A3(2),Streptomyces coelicolor A3(2),4269844,30,2.2,[145],2.04,30,"A3(2), 1147",,"Growth rate of 0.3h-1 mentioned in abstract, but  max rate of 0.34h-1 reported in text, equal  to  a doubling time of 2.04h.",Streptomyces coelicolor A3(2),Streptomyces coelicolor
Sulfolobus acidocaldarius,Sulfolobus acidocaldarius,NA,70,5.67,[16],4.95,70,"ATCC 33909, DSM 639",[63],Not primary source. Primary source retrieved.,Sulfolobus acidocaldarius,Sulfolobus acidocaldarius
Sulfolobus solfataricus,Sulfolobus solfataricus,NA,87,6,[16],5,87,MT-4,[64],Not primary source. Primary source retrieved.,Sulfolobus solfataricus,Sulfolobus solfataricus
Sulfolobus tokodaii,Sulfolobus tokodaii,NA,80,6,[16],7.4,80,DSMZ 16993 (JCM 10545),[65],Not primary source. Primary source retrieved.,Sulfolobus tokodaii,Sulfolobus tokodaii
Symbiobacterium thermophilum,Symbiobacterium thermophilum,1378,60,4.2,[156],2.41,60,NA,,Growth rate not reported in text. Calculated based on figure 3: In synthrophy with Bacillus,Symbiobacterium thermophilum,Symbiobacterium thermophilum
Synechococcus elongatus PCC6301,Synechococcus elongatus PCC6301,1620819,32,6.1,[153],5.4,38,PCC6301,[66],"PCC 7942 grows slower than other strains - found ref with same strain and higher light level (500 vs 34 umol..) - as well as a faster growing strain UTEX 2973 - 2.3h, so potential for much faster growth rate within this species",Synechococcus elongatus PCC 6301,Synechococcus elongatus
Synechococcus sp WH8102,Synechococcus sp WH8102,2434168,32,6,[157],10.3,30,PCC 7942,,A doubling time of 6h is mentioned anecdotically based on theoretical figure - actually recorded/measured here 10.3h,Synechococcus sp. WH 8102,Synechococcus sp. WH 8102
Synechocystis PCC6803,Synechocystis PCC6803,665000,35,12,[155],12,30,PCC6803,,Grow faster under mixotrophic conditions (with glucose),Synechocystis sp. PCC 6803,Synechocystis sp. PCC 6803
Syntrophobacter fumaroxidans,Syntrophobacter fumaroxidans,3503182,37,97.86,[154],98,37,MPOBT,,Highest growth rate in syntrohophy with hydrogen consuming bacteria (0.17 d-1). ,Syntrophobacter fumaroxidans,Syntrophobacter fumaroxidans
Syntrophus aciditrophicus,Syntrophus aciditrophicus,1529,35,24,[152],27,37,SB (ATCC 700169),[67],Not primary source. Primary source retrieved.,Syntrophus aciditrophicus,Syntrophus aciditrophicus
Thermoanaerobacter tengcongensis,Thermoanaerobacter tengcongensis,1697,75,1.1,[161],1.08,75,"MB4T, JCM 11007T",,,Caldanaerobacter subterraneus subsp. tengcongensis,Caldanaerobacter subterraneus
Thermoplasma acidophilum,Thermoplasma acidophilum,NA,59,2.5,[16],2.8,59,DSM1728 (ATCC 25905),[68],Not primary source. Primary source retrieved.,Thermoplasma acidophilum,Thermoplasma acidophilum
Thermoplasma volcanium,Thermoplasma volcanium,NA,60,2.5,[16],3.6,60,"GSS1, ATCC 51530, DSM 4299",[69],Not primary source. Primary source retrieved.,Thermoplasma volcanium,Thermoplasma volcanium
Thermosynechococcus elongatus BP-1,Thermosynechococcus elongatus BP-1,2338968,55,5.4,[159],5.4,45,BP-1T,,,Thermosynechococcus elongatus BP-1,Thermosynechococcus elongatus
Thermotoga maritima,Thermotoga maritima,156961,80,1.2,[160],1.2,80,NA,,Reports highest growth rate as 72 min. This is assumed to mean doubling time,Thermotoga maritima,Thermotoga maritima
Thermus thermophilus HB27,Thermus thermophilus HB27,1524341,75,2.5,[162],1.4,65,HB27,,Highest growth rate reported in abstract as 2.67h - but this is under the specific conditions mentioned. In data table and text they show a max doubling time of 1.4h under slightly different conditions.,Thermus thermophilus HB27,Thermus thermophilus
Thiomicrospira crunogena,Thiomicrospira crunogena,2427456,30,1,[158],0.87,25,"TH-55, ATCC 35932",,Supposed rounding error.,Thiomicrospira crunogena,Thiomicrospira crunogena
Treponema denticola ATCC35405,Treponema denticola ATCC35405,265084,37,5,[163],4.95,37,R8 (DSM 13955),,,Treponema denticola ATCC 35405,Treponema denticola
Treponema pallidum,Treponema pallidum,1399,37,33,[165],25.5,33,Nichols,[70],Not primary source. Primary source retrieved.,Treponema pallidum,Treponema pallidum
Trichodesmium erythraeum,Trichodesmium erythraeum,2409,28,25,[164],25,28,IMS101,,,Trichodesmium erythraeum,Trichodesmium erythraeum
Tropheryma whipplei Twist,Tropheryma whipplei Twist,1438,37,28,[166],28,37,Twist-Marseille,,,Tropheryma whipplei str. Twist,Tropheryma whipplei
Ureaplasma urealyticum,Ureaplasma urealyticum,42000,37,0.9,Personal communication,1.5,37,"Strain 960, ATCC 27618",[71],"Personal communication, primary source retrieved.",Ureaplasma urealyticum,Ureaplasma urealyticum
Vibrio cholerae,Vibrio cholerae,2961047,37,0.2,[38],0.44,37,O1 biovar El Tor str. N16961,[72],Bergeys manual. Primary source retrieved.,Vibrio cholerae,Vibrio cholerae
Vibrio fischeri ES114,Vibrio fischeri ES114,2906069,30,0.3,[167],0.5,25,ESll4,[73],"Not primary source. Refers to Lee & Ruby 1994 - measures growth within light organ of adult squids (d=4.8h), but refer to Ruby & Asato 1993, which measures a much faster doubling time (0.5h) in juvenile squids. This is what we use.",Vibrio fischeri ES114,Aliivibrio fischeri
Vibrio parahaemolyticus,Vibrio parahaemolyticus,3288455,25,0.2,[168],0.23,35,"Multiple, YM-K33",,,Vibrio parahaemolyticus,Vibrio parahaemolyticus
Vibrio vulnificus CMCP6 chr1,Vibrio vulnificus CMCP6 chr1,1012335,25,0.16,[38],0.25,37,Multiple (FLA) derived from LL728,[74],Bergeys manual. Primary source retrieved.,Vibrio vulnificus CMCP6,Vibrio vulnificus
Wigglesworthia glossinidia brevipalpis,Wigglesworthia glossinidia brevipalpis,697376,NA,36,Personal communication,NA,NA,NA,,Personal communication. Cannot find appropriate alternative.,Wigglesworthia glossinidia endosymbiont of Glossina brevipalpis,Wigglesworthia glossinidia
Wolbachia endosymbiont TRS Brugia malayi,Wolbachia endosymbiont TRS Brugia malayi,1079740,NA,14,[169],14,28,NA,,Not sure which organism this is - ref is on Wolbachia pipientis,Wolbachia endosymbiont strain TRS of Brugia malayi,Wolbachia endosymbiont of Brugia malayi
Wolinella succinogenes,Wolinella succinogenes,2110228,37,1,[170],1,37,DSMZ 1740,,,Wolinella succinogenes,Wolinella succinogenes
Xanthomonas axonopodis,Xanthomonas axonopodis,1371,27,7,[171],4.45,28,Multiple,[75],Not primary source. Primary source retrieved.,Xanthomonas axonopodis,Xanthomonas axonopodis
Xanthomonas campestris,Xanthomonas campestris,1371,37,3,[172],4.62,28,NA,,"Wrong species of bacteria reported in original, corrected.",Xanthomonas campestris,Xanthomonas campestris
Xanthomonas oryzae oryzae KACC10331,Xanthomonas oryzae oryzae KACC10331,1374,28,2,[173],4.5,28,KACC10859,[76],"Not primary source. No mention of 2h doubling time in internally refereed paper (anecdotal mention by same authors, ref 4 in Erhlich 1977). Other paper reports a doubling every 4.5h (0.152h-1) which fits with the 4h mentioned in the  Silva references. This alternative reference is used as they report the number more directly in a table.",Xanthomonas oryzae pv. oryzae KACC 10331,Xanthomonas oryzae
Xylella fastidiosa 9a5c,Xylella fastidiosa 9a5c,1463,28,5.13,[174],5.13,28,"STl, ATCC 700963",,,Xylella fastidiosa 9a5c,Xylella fastidiosa
Yersinia pestis CO92,Yersinia pestis CO92,4653618,37,1.25,[175],0.85,37,CO92,[77],Not primary source. Primary source retrieved. Note: Other papers indicate potential for somewhat faster growth - but data not shown.,Yersinia pestis CO92,Yersinia pestis
Yersinia pseudotuberculosis,Yersinia pseudotuberculosis,4744561,37,0.5,[176],2.54,28,IP32953,[78],Not primary source. Primary source retrieved. Note: growth supported by Palonen et al. 2011b. Other paper (Bakholdina et al.2001) reports doubling time of approx. 5h,Yersinia pseudotuberculosis,Yersinia pseudotuberculosis
Zymomonas mobilis,Zymomonas mobilis,2055615,27,2,[177],1.7,30,"L.M.D. 29.34, ATCC 10988",[79],Not primary source. Primary source retrieved.,Zymomonas mobilis,Zymomonas mobilis
